species,lambda0_ang,sigma_lambda0_ang,q_cm-1,sigma_q_cm-1,lambda0_source,join_flag,nist_wavelength_ang,lower_level,upper_level,Aki_s-1,fik,q_cm1,line_id,lambda0_unc_ang
Fe V,1149.1179,0.004,2143,,Hu2021_table,OK,1149.118,3d3.(2D2).4s 1D J=2,3d3.(2F).4p 1D* J=2,700000000.0,0.027,2143,line_0000,0.004
Ni V,1167.102,0.005,2415,,Lee2025_2410.01849,OK,1167.102,3d5.(4G).4s 5G J=2,3d5.(4D).4p 5F* J=1,873000000.0,0.0356,2415,line_0001,0.005
Ni V,1182.606,0.005,2791,,Lee2025_2410.01849,OK,1182.607,3d5.(4P).4s 5P J=1,3d5.(4D).4p 5D* J=2,1320000000.0,0.0927,2791,line_0002,0.005
Ni V,1185.944,0.005,3588,,Lee2025_2410.01849,OK,1185.941,3d5.(4P).4s 5P J=2,3d5.(4D).4p 5D* J=3,2440000000.0,0.103,3588,line_0003,0.005
Fe V,1195.0981,0.004,3503,,Hu2021_table,OK,1195.103,3d3.(2G).4s 3G J=3,3d3.(2H).4p 3G* J=3,340000000.0,0.0104,3503,line_0004,0.004
Ni V,1195.189,0.002,3065,,Lee2025_2410.01849,OK,1195.191,3d5.(2G2).4s 1G J=4,3d5.(2F2).4p 3G* J=5,4330000000.0,0.103,3065,line_0005,0.002
Ni V,1198.519,0.002,3739,,Lee2025_2410.01849,OK,1198.516,3d5.(2F2).4s 3F J=4,3d5.(2F2).4p 3G* J=5,4550000000.0,0.109,3739,line_0006,0.002
Fe V,1198.5945,0.004,4284,,Hu2021_table,OK,1198.593,3d3.(4P).4s 3P J=0,3d3.(2P).4p 1P* J=1,20000000.0,0.005,4284,line_0007,0.004
Fe V,1200.1811,0.004,3155,,Hu2021_table,OK,1200.183,3d3.(2G).4s 3G J=4,3d3.(2H).4p 3G* J=4,450000000.0,0.0108,3155,line_0008,0.004
Ni V,1202.034,0.005,3605,,Lee2025_2410.01849,OK,1202.032,3d5.(2F2).4s 3F J=3,3d5.(2F2).4p 3G* J=4,5720000000.0,0.177,3605,line_0009,0.005
Ni V,1204.727,0.002,2833,,Lee2025_2410.01849,OK,1204.725,3d5.(4F).4s 3F J=4,3d5.(2G2).4p 1H* J=5,551000000.0,0.0133,2833,line_0010,0.002
Fe V,1207.1183,0.004,2538,,Hu2021_table,OK,1207.115,3d3.(2G).4s 3G J=5,3d3.(2H).4p 1I* J=6,,,2538,line_0011,0.004
Fe V,1208.2606,0.004,2890,,Hu2021_table,OK,1208.257,3d3.(2G).4s 3G J=5,3d3.(2H).4p 3G* J=5,580000000.0,0.0116,2890,line_0012,0.004
Fe V,1214.713,0.004,3027,,Hu2021_table,OK,1214.711,3d3.(4P).4s 3P J=2,3d3.(2P).4p 1P* J=1,200000000.0,0.009,3027,line_0013,0.004
Fe V,1217.9973,0.004,3595,,Hu2021_table,OK,1217.993,3d3.(4P).4s 3P J=0,3d3.(4P).4p 3S* J=1,270000000.0,0.059,3595,line_0014,0.004
Fe V,1224.4142,0.004,1613,,Hu2021_table,OK,1224.417,3d3.(2D2).4s 1D J=2,3d3.(2F).4p 3F* J=2,35000000.0,0.0016,1613,line_0015,0.004
Fe V,1228.1263,0.004,2799,,Hu2021_table,OK,1228.126,3d3.(4P).4s 5P J=1,3d3.(2D2).4p 3F* J=2,,,2799,line_0016,0.004
Ni V,1233.324,0.013,1995,,Lee2025_2410.01849,OK,1233.329,3d5.(4G).4s 5G J=3,3d5.(4G).4p 5F* J=2,2620000000.0,0.0855,1995,line_0017,0.013
Ni V,1234.397,0.002,2256,,Lee2025_2410.01849,OK,1234.398,3d5.(4G).4s 5G J=2,3d5.(4G).4p 5F* J=1,2540000000.0,0.116,2256,line_0018,0.002
Ni V,1234.584,0.002,3628,,Lee2025_2410.01849,OK,1234.585,3d5.(2D2).4s 3D J=3,3d5.(2D2).4p 3D* J=3,3040000000.0,0.0991,3628,line_0019,0.002
Fe V,1234.6455,0.004,2338,,Hu2021_table,OK,1234.648,3d3.(4P).4s 3P J=2,3d3.(4P).4p 3S* J=1,2100000000.0,0.096,2338,line_0020,0.004
Ni V,1235.838,0.002,3429,,Lee2025_2410.01849,OK,1235.838,3d5.(2I).4s 1I J=6,3d5.(4F).4p 5G* J=6,10600000000.0,0.187,3429,line_0021,0.002
Ni V,1237.205,0.002,2590,,Lee2025_2410.01849,OK,1237.206,3d5.(4D).4s 5D J=2,3d5.(4D).4p 5D* J=1,1780000000.0,0.0817,2590,line_0022,0.002
Ni V,1241.333,0.005,2656,,Lee2025_2410.01849,OK,1241.334,3d5.(4F).4s 5F J=3,3d5.(4F).4p 5F* J=2,3590000000.0,0.119,2656,line_0023,0.005
Ni V,1241.64,0.002,3610,,Lee2025_2410.01849,OK,1241.641,3d5.(2I).4s 3I J=5,3d5.(2I).4p 3H* J=4,8210000000.0,0.172,3610,line_0024,0.002
Ni V,1241.988,0.002,2687,,Lee2025_2410.01849,OK,1241.991,3d5.(4F).4s 5F J=5,3d5.(4F).4p 5F* J=4,4170000000.0,0.0876,2687,line_0025,0.002
Ni V,1243.504,0.002,2377,,Lee2025_2410.01849,OK,1243.505,3d5.(4D).4s 5D J=3,3d5.(4D).4p 5D* J=2,2390000000.0,0.0792,2377,line_0026,0.002
Ni V,1244.026,0.005,2597,,Lee2025_2410.01849,OK,1244.024,3d5.(4D).4s 5D J=4,3d5.(4D).4p 5D* J=3,1900000000.0,0.049,2597,line_0027,0.005
Ni V,1244.788,0.004,3512,,Lee2025_2410.01849,OK,1244.792,3d5.(2I).4s 3I J=6,3d5.(2I).4p 1K* J=7,1220000000.0,0.0218,3512,line_0028,0.004
Ni V,1246.365,0.005,3457,,Lee2025_2410.01849,OK,1246.362,3d5.(2D3).4s 3D J=2,3d5.(4F).4p 5G* J=3,442000000.0,0.0206,3457,line_0029,0.005
Ni V,1246.549,0.005,2296,,Lee2025_2410.01849,OK,1246.544,3d5.(4D).4s 3D J=2,3d5.(4D).4p 3P* J=1,1390000000.0,0.0646,2296,line_0030,0.005
Ni V,1247.612,0.022,2707,,Lee2025_2410.01849,OK,1247.61,3d5.(4F).4s 3F J=3,3d5.(4F).4p 3F* J=3,3870000000.0,0.129,2707,line_0031,0.022
Ni V,1249.532,0.002,2831,,Lee2025_2410.01849,OK,1249.534,3d5.(4G).4s 5G J=5,3d5.(4G).4p 5F* J=4,5330000000.0,0.113,2831,line_0032,0.002
Fe V,1250.735,0.004,2380,,Hu2021_table,OK,1250.736,3d3.(2D1).4s 1D J=2,3d3.(2D1).4p 1P* J=1,3900000000.0,0.18,2380,line_0033,0.004
Ni V,1251.835,0.002,3583,,Lee2025_2410.01849,OK,1251.837,3d5.(4G).4s 3G J=5,3d5.(4G).4p 3G* J=5,11300000000.0,0.242,3583,line_0034,0.002
Ni V,1252.075,0.005,2727,,Lee2025_2410.01849,OK,1252.073,3d5.(2D3).4s 3D J=1,3d5.(4F).4p 5G* J=2,2000000000.0,0.157,2727,line_0035,0.005
Ni V,1252.281,0.004,3105,,Lee2025_2410.01849,OK,1252.282,3d5.(2I).4s 3I J=6,3d5.(2I).4p 3H* J=6,3940000000.0,0.0711,3105,line_0036,0.004
Ni V,1253.663,0.004,3570,,Lee2025_2410.01849,OK,1253.668,3d5.(4G).4s 3G J=4,3d5.(4G).4p 3G* J=4,5920000000.0,0.155,3570,line_0037,0.004
Ni V,1254.197,0.002,4221,,Lee2025_2410.01849,OK,1254.2,3d5.(2F1).4s 1F J=3,3d5.(2F1).4p 1D* J=2,3220000000.0,0.108,4221,line_0038,0.002
Ni V,1254.866,0.005,2171,,Lee2025_2410.01849,OK,1254.861,3d5.(2G2).4s 1G J=4,3d5.(2G2).4p 1F* J=3,2480000000.0,0.065,2171,line_0039,0.005
Ni V,1256.222,0.004,3042,,Lee2025_2410.01849,OK,1256.221,3d5.(4G).4s 5G J=2,3d5.(4P).4p 5D* J=1,162000000.0,0.00767,3042,line_0040,0.004
Ni V,1256.916,0.002,3531,,Lee2025_2410.01849,OK,1256.916,3d5.(2G1).4s 1G J=4,3d5.(2G1).4p 1G* J=4,9540000000.0,0.251,3531,line_0041,0.002
Ni V,1257.637,0.004,3765,,Lee2025_2410.01849,OK,1257.637,3d5.(4G).4s 5G J=5,3d5.(4G).4p 5H* J=6,14400000000.0,0.312,3765,line_0042,0.004
Ni V,1258.024,0.002,3088,,Lee2025_2410.01849,OK,1258.022,3d5.(4F).4s 3F J=4,3d5.(4F).4p 3F* J=4,3110000000.0,0.0822,3088,line_0043,0.002
Ni V,1259.592,0.004,3728,,Lee2025_2410.01849,OK,1259.589,3d5.(2I).4s 3I J=5,3d5.(2I).4p 1H* J=5,3780000000.0,0.0818,3728,line_0044,0.004
Ni V,1259.727,0.004,2197,,Lee2025_2410.01849,OK,1259.727,3d5.(4F).4s 5F J=5,3d5.(4F).4p 5G* J=5,3850000000.0,0.0833,2197,line_0045,0.004
Ni V,1261.118,0.005,3038,,Lee2025_2410.01849,OK,1261.12,3d5.(4P).4s 5P J=3,3d5.(4P).4p 5P* J=2,236000000.0,0.00805,3038,line_0046,0.005
Ni V,1261.341,0.005,3353,,Lee2025_2410.01849,OK,1261.341,3d5.(2F1).4s 3F J=4,3d5.(2F1).4p 3G* J=5,10700000000.0,0.285,3353,line_0047,0.005
Ni V,1261.437,0.005,3533,,Lee2025_2410.01849,OK,1261.441,3d5.(2G1).4s 1G J=4,3d5.(2G1).4p 1H* J=5,11300000000.0,0.3,3533,line_0048,0.005
Ni V,1261.758,0.004,3254,,Lee2025_2410.01849,OK,1261.76,3d5.(4D).4s 5D J=4,3d5.(4D).4p 5F* J=5,11100000000.0,0.294,3254,line_0049,0.004
Ni V,1262.739,0.005,3915,,Lee2025_2410.01849,OK,1262.739,3d5.(2D2).4s 3D J=1,3d5.(2D2).4p 3F* J=2,2380000000.0,0.189,3915,line_0050,0.005
Ni V,1264.264,0.005,1955,,Lee2025_2410.01849,OK,1264.265,3d5.(2F1).4s 3F J=2,3d5.(4F).4p 5F* J=2,270000000.0,0.0129,1955,line_0051,0.005
Ni V,1264.755,0.005,2678,,Lee2025_2410.01849,OK,1264.751,3d5.(4F).4s 3F J=3,3d5.(4F).4p 3D* J=2,2920000000.0,0.1,2678,line_0052,0.005
Ni V,1265.667,0.005,3779,,Lee2025_2410.01849,OK,1265.669,3d5.(2H).4s 3H J=6,3d5.(2H).4p 3I* J=7,16200000000.0,0.301,3779,line_0053,0.005
Ni V,1265.876,0.002,3068,,Lee2025_2410.01849,OK,1265.875,3d5.(4G).4s 5G J=5,3d5.(4G).4p 5H* J=5,233000000.0,0.0051,3068,line_0054,0.002
Ni V,1266.403,0.004,3127,,Lee2025_2410.01849,OK,1266.407,3d5.(4G).4s 5G J=4,3d5.(4G).4p 5H* J=5,10200000000.0,0.273,3127,line_0055,0.004
Fe V,1266.5218,0.004,3653,,Hu2021_table,OK,1266.524,3d3.(4P).4s 5P J=1,3d3.(2D2).4p 3P* J=2,140000000.0,0.0111,3653,line_0056,0.004
Ni V,1268.182,0.002,1979,,Lee2025_2410.01849,OK,1268.181,3d5.(2G1).4s 3G J=5,3d5.(2G1).4p 3H* J=5,3750000000.0,0.0823,1979,line_0057,0.002
Ni V,1268.883,0.002,1935,,Lee2025_2410.01849,OK,1268.883,3d5.(2G1).4s 3G J=4,3d5.(2G1).4p 3H* J=5,7440000000.0,0.199,1935,line_0058,0.002
Ni V,1269.384,0.005,4191,,Lee2025_2410.01849,OK,1269.383,3d5.(2H).4s 3H J=5,3d5.(2H).4p 3I* J=6,5140000000.0,0.113,4191,line_0059,0.005
Fe V,1269.7855,0.004,3697,,Hu2021_table,OK,1269.784,3d3.(2G).4s 1G J=4,3d3.(2H).4p 3G* J=5,190000000.0,0.0051,3697,line_0060,0.004
Ni V,1270.205,0.002,3220,,Lee2025_2410.01849,OK,1270.205,3d5.(2G2).4s 3G J=3,3d5.(2G2).4p 3F* J=2,3640000000.0,0.126,3220,line_0061,0.002
Fe V,1270.4713,0.004,3444,,Hu2021_table,OK,1270.47,3d3.(4P).4s 5P J=2,3d3.(2D2).4p 3P* J=2,220000000.0,0.0107,3444,line_0062,0.004
Ni V,1273.817,0.004,4084,,Lee2025_2410.01849,OK,1273.818,3d5.(4P).4s 5P J=2,3d5.(4P).4p 5P* J=3,3320000000.0,0.161,4084,line_0063,0.004
Ni V,1274.263,0.002,2380,,Lee2025_2410.01849,OK,1274.261,3d5.(4F).4s 5F J=2,3d5.(4F).4p 5G* J=3,3400000000.0,0.166,2380,line_0064,0.002
Ni V,1276.431,0.002,3368,,Lee2025_2410.01849,OK,1276.431,3d5.(4D).4s 5D J=3,3d5.(4D).4p 5F* J=4,7340000000.0,0.256,3368,line_0065,0.002
Ni V,1276.632,0.005,4042,,Lee2025_2410.01849,OK,1276.632,3d5.(2G1).4s 3G J=4,3d5.(2G1).4p 3H* J=4,1940000000.0,0.0528,4042,line_0066,0.005
Ni V,1278.872,0.004,2862,,Lee2025_2410.01849,OK,1278.872,3d5.(2G2).4s 3G J=5,3d5.(2G2).4p 3F* J=4,2620000000.0,0.0584,2862,line_0067,0.004
Fe V,1279.5917,0.004,2748,,Hu2021_table,OK,1279.591,3d3.(4P).4s 5P J=3,3d3.(2D2).4p 3P* J=2,300000000.0,0.0103,2748,line_0068,0.004
Fe V,1280.4678,0.004,2373,,Hu2021_table,OK,1280.471,3d3.(2G).4s 3G J=5,3d3.(2D2).4p 3F* J=4,1200000000.0,0.026,2373,line_0069,0.004
Fe V,1280.648,0.004,3705,,Hu2021_table,OK,1280.65,3d3.(4P).4s 3P J=1,3d3.(2D2).4p 3P* J=0,140000000.0,0.011,3705,line_0070,0.004
Fe V,1281.3672,0.004,3640,,Hu2021_table,OK,1281.367,3d3.(4P).4s 3P J=0,3d3.(2D2).4p 3P* J=1,390000000.0,0.097,3640,line_0071,0.004
Fe V,1281.6471,0.004,3128,,Hu2021_table,OK,1281.652,3d3.(2G).4s 3G J=3,3d3.(4P).4p 3D* J=2,190000000.0,0.0067,3128,line_0072,0.004
Fe V,1282.0587,0.004,3055,,Hu2021_table,OK,1282.058,3d3.(2G).4s 3G J=4,3d3.(2P).4p 3F* J=3,380000000.0,0.0104,3055,line_0073,0.004
Ni V,1283.186,0.005,2667,,Lee2025_2410.01849,OK,1283.185,3d5.(2G2).4s 1G J=4,3d5.(2G2).4p 3G* J=5,2840000000.0,0.0778,2667,line_0074,0.005
Fe V,1284.108,0.004,2596,,Hu2021_table,OK,1284.109,3d3.(4P).4s 5P J=1,3d3.(2P).4p 1D* J=2,560000000.0,0.046,2596,line_0075,0.004
Ni V,1284.475,0.005,2751,,Lee2025_2410.01849,OK,1284.477,3d5.(4D).4s 5D J=2,3d5.(4D).4p 5F* J=3,4720000000.0,0.234,2751,line_0076,0.005
Fe V,1285.915,0.004,3386,,Hu2021_table,OK,1285.918,3d3.(4P).4s 3P J=1,3d3.(2D2).4p 3P* J=1,510000000.0,0.042,3386,line_0077,0.004
Ni V,1287.571,0.002,5009,,Lee2025_2410.01849,OK,1287.572,3d5.(2D3).4s 3D J=3,3d5.(2D3).4p 3F* J=4,4830000000.0,0.172,5009,line_0078,0.002
Ni V,1287.807,0.005,2642,,Lee2025_2410.01849,OK,1287.806,3d5.(4D).4s 5D J=1,3d5.(4D).4p 5F* J=2,2530000000.0,0.21,2642,line_0079,0.005
Fe V,1288.1681,0.004,2387,,Hu2021_table,OK,1288.169,3d3.(4P).4s 5P J=2,3d3.(2P).4p 1D* J=2,1000000000.0,0.049,2387,line_0080,0.004
Fe V,1288.7231,0.004,3436,,Hu2021_table,OK,1288.72,3d3.(4P).4s 5P J=2,3d3.(2G).4p 1F* J=3,,,3436,line_0081,0.004
Fe V,1289.5369,0.004,2798,,Hu2021_table,OK,1289.533,3d3.(2F).4s 3F J=4,3d3.(2F).4p 1G* J=4,40000000.0,0.0011,2798,line_0082,0.004
Ni V,1290.397,0.002,2290,,Lee2025_2410.01849,OK,1290.397,3d5.(4D).4s 5D J=2,3d5.(4D).4p 5F* J=2,1580000000.0,0.0789,2290,line_0083,0.002
Fe V,1291.1881,0.004,2472,,Hu2021_table,OK,1291.191,3d3.(4P).4s 5P J=2,3d3.(4P).4p 5S* J=2,850000000.0,0.042,2472,line_0084,0.004
Fe V,1293.127,0.004,2635,,Hu2021_table,OK,1293.125,3d3.(2F).4s 3F J=3,3d3.(2F).4p 1G* J=4,90000000.0,0.0031,2635,line_0085,0.004
Fe V,1293.3059,0.004,2665,,Hu2021_table,OK,1293.305,3d3.(2G).4s 3G J=4,3d3.(4P).4p 3D* J=3,600000000.0,0.016,2665,line_0086,0.004
Fe V,1297.5453,0.004,1691,,Hu2021_table,OK,1297.547,3d3.(4P).4s 5P J=3,3d3.(2P).4p 1D* J=2,1100000000.0,0.039,1691,line_0087,0.004
Ni V,1298.732,0.002,3419,,Lee2025_2410.01849,OK,1298.732,3d5.(2G2).4s 3G J=5,3d5.(2H).4p 3I* J=6,7540000000.0,0.173,3419,line_0088,0.002
Fe V,1300.6095,0.004,1776,,Hu2021_table,OK,1300.608,3d3.(4P).4s 5P J=3,3d3.(4P).4p 5S* J=2,1200000000.0,0.042,1776,line_0089,0.004
Fe V,1300.845,0.004,3149,,Hu2021_table,OK,1300.846,3d3.(2D1).4s 3D J=1,3d3.(2D1).4p 3P* J=0,1160000000.0,0.098,3149,line_0090,0.004
Ni V,1300.981,0.002,3504,,Lee2025_2410.01849,OK,1300.981,3d5.(6S).4s 5S J=2,3d5.(6S).4p 5P* J=1,3030000000.0,0.154,3504,line_0091,0.002
Fe V,1303.0834,0.004,2290,,Hu2021_table,OK,1303.081,3d3.(4F).4s 5F J=3,3d3.(4F).4p 3G* J=3,60000000.0,0.0022,2290,line_0092,0.004
Fe V,1303.4853,0.004,2375,,Hu2021_table,OK,1303.489,3d3.(4F).4s 5F J=5,3d3.(4F).4p 3G* J=5,680000000.0,0.016,2375,line_0093,0.004
Fe V,1304.814,0.004,2979,,Hu2021_table,OK,1304.816,3d3.(2D1).4s 3D J=2,3d3.(2D1).4p 3P* J=1,2300000000.0,0.117,2979,line_0094,0.004
Fe V,1305.9674,0.004,3143,,Hu2021_table,OK,1305.971,3d3.(4P).4s 3P J=1,3d3.(2D2).4p 3D* J=2,400000000.0,0.034,3143,line_0095,0.004
Fe V,1306.0803,0.004,2541,,Hu2021_table,OK,1306.08,3d3.(2G).4s 1G J=4,3d3.(2H).4p 1H* J=5,2400000000.0,0.069,2541,line_0096,0.004
Fe V,1307.219,0.004,2862,,Hu2021_table,OK,1307.219,3d3.(2D1).4s 3D J=1,3d3.(2D1).4p 3P* J=1,1100000000.0,0.096,2862,line_0097,0.004
Fe V,1307.4242,0.004,2311,,Hu2021_table,OK,1307.424,3d3.(2P).4s 1P J=1,3d3.(2P).4p 1P* J=1,2500000000.0,0.22,2311,line_0098,0.004
Ni V,1307.599,0.002,1384,,Lee2025_2410.01849,OK,1307.599,3d5.(6S).4s 5S J=2,3d5.(6S).4p 5P* J=2,4920000000.0,0.252,1384,line_0099,0.002
Fe V,1310.751,0.004,3286,,Hu2021_table,OK,1310.751,3d3.(2P).4s 3P J=1,3d3.(2D2).4p 3P* J=0,7000000.0,0.0006,3286,line_0100,0.004
Fe V,1311.2378,0.004,2389,,Hu2021_table,OK,1311.239,3d3.(4P).4s 3P J=2,3d3.(2D2).4p 3D* J=3,742000000.0,0.038,2389,line_0101,0.004
Ni V,1311.557,0.002,3747,,Lee2025_2410.01849,OK,1311.559,3d5.(2H).4s 3H J=5,3d5.(2H).4p 3H* J=6,3220000000.0,0.0754,3747,line_0102,0.002
Fe V,1311.829,0.004,1616,,Hu2021_table,OK,1311.828,3d3.(2P).4s 1P J=1,3d3.(2D2).4p 1D* J=2,2200000000.0,0.19,1616,line_0103,0.004
Ni V,1313.306,0.002,2056,,Lee2025_2410.01849,OK,1313.306,3d5.(4G).4s 5G J=4,3d5.(4G).4p 5G* J=4,6600000000.0,0.19,2056,line_0104,0.002
Fe V,1313.5851,0.004,2507,,Hu2021_table,OK,1313.585,3d3.(4P).4s 3P J=0,3d3.(2D2).4p 3D* J=1,260000000.0,0.066,2507,line_0105,0.004
Fe V,1314.5256,0.004,2920,,Hu2021_table,OK,1314.529,3d3.(2G).4s 3G J=3,3d3.(2P).4p 3D* J=2,60000000.0,0.0022,2920,line_0106,0.004
Ni V,1315.668,0.002,3216,,Lee2025_2410.01849,OK,1315.668,3d5.(4D).4s 3D J=1,3d5.(4D).4p 3F* J=2,3220000000.0,0.278,3216,line_0107,0.002
Ni V,1317.445,0.002,3366,,Lee2025_2410.01849,OK,1317.444,3d5.(2I).4s 1I J=6,3d5.(2I).4p 1K* J=7,13600000000.0,0.272,3366,line_0108,0.002
Ni V,1318.151,0.002,2903,,Lee2025_2410.01849,OK,1318.152,3d5.(4P).4s 5P J=3,3d5.(4G).4p 5F* J=3,2530000000.0,0.0944,2903,line_0109,0.002
Ni V,1318.511,0.002,2643,,Lee2025_2410.01849,OK,1318.511,3d5.(6S).4s 5S J=2,3d5.(6S).4p 5P* J=3,6670000000.0,0.348,2643,line_0110,0.002
Ni V,1319.752,0.005,2949,,Lee2025_2410.01849,OK,1319.748,3d5.(2G2).4s 1G J=4,3d5.(4F).4p 3F* J=4,2770000000.0,0.0803,2949,line_0111,0.005
Fe V,1320.4116,0.004,2419,,Hu2021_table,OK,1320.41,3d3.(2H).4s 3H J=4,3d3.(2H).4p 3G* J=3,6400000000.0,0.19,2419,line_0112,0.004
Ni V,1320.715,0.002,2378,,Lee2025_2410.01849,OK,1320.715,3d5.(4D).4s 3D J=3,3d5.(4D).4p 3F* J=4,7340000000.0,0.274,2378,line_0113,0.002
Ni V,1320.901,0.005,2650,,Lee2025_2410.01849,OK,1320.899,3d5.(4P).4s 5P J=2,3d5.(4G).4p 5F* J=3,882000000.0,0.046,2650,line_0114,0.005
Ni V,1321.251,0.005,2976,,Lee2025_2410.01849,OK,1321.255,3d5.(4P).4s 5P J=3,3d5.(4P).4p 5D* J=2,1020000000.0,0.0381,2976,line_0115,0.005
Fe V,1321.3424,0.004,2588,,Hu2021_table,OK,1321.341,3d3.(2G).4s 3G J=4,3d3.(2H).4p 3H* J=5,2500000000.0,0.072,2588,line_0116,0.004
Fe V,1321.4905,0.004,2559,,Hu2021_table,OK,1321.49,3d3.(2G).4s 3G J=5,3d3.(2H).4p 3H* J=6,3600000000.0,0.085,2559,line_0117,0.004
Fe V,1321.8507,0.004,2296,,Hu2021_table,OK,1321.85,3d3.(2H).4s 3H J=4,3d3.(2H).4p 3G* J=4,710000000.0,0.021,2296,line_0118,0.004
Fe V,1323.0938,0.004,3435,,Hu2021_table,OK,1323.097,3d3.(2G).4s 3G J=4,3d3.(2H).4p 3H* J=4,36000000.0,0.00106,3435,line_0119,0.004
Fe V,1323.2693,0.004,2831,,Hu2021_table,OK,1323.269,3d3.(2H).4s 3H J=5,3d3.(2H).4p 3G* J=4,7600000000.0,0.18,2831,line_0120,0.004
Ni V,1325.094,0.008,2439,,Lee2025_2410.01849,OK,1325.094,3d5.(2F2).4s 1F J=3,3d5.(2F2).4p 1D* J=2,3680000000.0,0.138,2439,line_0121,0.008
Fe V,1325.7838,0.004,2978,,Hu2021_table,OK,1325.781,3d3.(2H).4s 3H J=5,3d3.(2H).4p 3G* J=5,820000000.0,0.02,2978,line_0122,0.004
Fe V,1327.1006,0.004,3006,,Hu2021_table,OK,1327.101,3d3.(2D2).4s 1D J=2,3d3.(2P).4p 1P* J=1,600000000.0,0.032,3006,line_0123,0.004
Fe V,1329.0215,0.004,2410,,Hu2021_table,OK,1329.025,3d3.(2H).4s 3H J=6,3d3.(2H).4p 1I* J=6,160000000.0,0.0033,2410,line_0124,0.004
Fe V,1331.186,0.007,3763,,Hu2021_table,OK,1331.185,3d3.(2D2).4s 3D J=1,3d3.(2D2).4p 3P* J=0,860000000.0,0.076,3763,line_0125,0.007
Fe V,1331.639,0.004,2311,,Hu2021_table,OK,1331.64,3d3.(2D2).4s 1D J=2,3d3.(2D2).4p 1D* J=2,3000000000.0,0.16,2311,line_0126,0.004
Fe V,1332.9697,0.004,1250,,Hu2021_table,OK,1332.968,3d3.(4P).4s 3P J=2,3d3.(2D2).4p 3D* J=1,25000000.0,0.0013,1250,line_0127,0.004
Ni V,1333.964,0.002,3464,,Lee2025_2410.01849,OK,1333.965,3d5.(2I).4s 1I J=6,3d5.(2I).4p 1H* J=5,5780000000.0,0.119,3464,line_0128,0.002
Fe V,1336.0377,0.004,3442,,Hu2021_table,OK,1336.039,3d3.(2G).4s 3G J=3,3d3.(2D2).4p 3P* J=2,65000000.0,0.0025,3442,line_0129,0.004
Ni V,1336.16,0.002,2944,,Lee2025_2410.01849,OK,1336.161,3d5.(4G).4s 3G J=5,3d5.(4G).4p 3H* J=6,11500000000.0,0.279,2944,line_0130,0.002
Fe V,1337.2869,0.004,2724,,Hu2021_table,OK,1337.287,3d3.(2P).4s 3P J=1,3d3.(2D2).4p 3D* J=2,400000000.0,0.035,2724,line_0131,0.004
Fe V,1338.8076,0.004,2389,,Hu2021_table,OK,1338.808,3d3.(2D2).4s 3D J=3,3d3.(2D2).4p 1F* J=3,742000000.0,0.029,2389,line_0132,0.004
Ni V,1339.065,0.01,3308,,Lee2025_2410.01849,OK,1339.07,3d5.(4D).4s 3D J=1,3d5.(4D).4p 3D* J=2,905000000.0,0.0811,3308,line_0133,0.01
Fe V,1339.69,0.004,3128,,Hu2021_table,OK,1339.691,3d3.(2F).4s 3F J=2,3d3.(2F).4p 3D* J=1,2900000000.0,0.16,3128,line_0134,0.004
Ni V,1340.353,0.002,3092,,Lee2025_2410.01849,OK,1340.353,3d5.(4D).4s 3D J=2,3d5.(4D).4p 3D* J=2,2000000000.0,0.108,3092,line_0135,0.002
Ni V,1341.068,0.002,3093,,Lee2025_2410.01849,OK,1341.068,3d5.(4D).4s 5D J=4,3d5.(4P).4p 5P* J=3,2470000000.0,0.0741,3093,line_0136,0.002
Ni V,1342.18,0.002,3283,,Lee2025_2410.01849,OK,1342.179,3d5.(4G).4s 3G J=5,3d5.(4G).4p 3F* J=4,6870000000.0,0.169,3283,line_0137,0.002
Ni V,1343.896,0.002,3758,,Lee2025_2410.01849,OK,1343.898,3d5.(2H).4s 3H J=4,3d5.(2G2).4p 3H* J=4,3520000000.0,0.106,3758,line_0138,0.002
Fe V,1350.5374,0.004,3306,,Hu2021_table,OK,1350.535,3d3.(4P).4s 3P J=1,3d3.(4P).4p 3D* J=2,1400000000.0,0.127,3306,line_0139,0.004
Fe V,1350.6724,0.004,3254,,Hu2021_table,OK,1350.677,3d3.(4P).4s 3P J=1,3d3.(4P).4p 3D* J=1,190000000.0,0.017,3254,line_0140,0.004
Fe V,1350.9483,0.004,2998,,Hu2021_table,OK,1350.948,3d3.(4F).4s 5F J=3,3d3.(4F).4p 3D* J=3,64000000.0,0.0025,2998,line_0141,0.004
Ni V,1351.414,0.002,2187,,Lee2025_2410.01849,OK,1351.414,3d5.(4G).4s 3G J=3,3d5.(4G).4p 3F* J=2,3860000000.0,0.151,2187,line_0142,0.002
Fe V,1351.7563,0.004,3437,,Hu2021_table,OK,1351.755,3d3.(4F).4s 5F J=1,3d3.(4F).4p 3D* J=2,300000000.0,0.028,3437,line_0143,0.004
Fe V,1355.6223,0.004,2385,,Hu2021_table,OK,1355.624,3d3.(2G).4s 3G J=3,3d3.(2P).4p 1D* J=2,470000000.0,0.018,2385,line_0144,0.004
Fe V,1356.2369,0.004,3434,,Hu2021_table,OK,1356.232,3d3.(2G).4s 3G J=3,3d3.(2G).4p 1F* J=3,70000000.0,0.0026,3434,line_0145,0.004
Fe V,1357.1121,0.004,3107,,Hu2021_table,OK,1357.114,3d3.(4F).4s 5F J=2,3d3.(4F).4p 3D* J=2,360000000.0,0.02,3107,line_0146,0.004
Fe V,1357.676,0.004,2170,,Hu2021_table,OK,1357.675,3d3.(2F).4s 3F J=4,3d3.(2F).4p 3D* J=3,5200000000.0,0.16,2170,line_0147,0.004
Fe V,1357.8549,0.004,3657,,Hu2021_table,OK,1357.857,3d3.(4P).4s 3P J=0,3d3.(2P).4p 3S* J=1,120000000.0,0.032,3657,line_0148,0.004
Fe V,1358.384,0.004,2416,,Hu2021_table,OK,1358.386,3d3.(2F).4s 3F J=2,3d3.(2F).4p 1D* J=2,170000000.0,0.0094,2416,line_0149,0.004
Fe V,1358.5646,0.004,3201,,Hu2021_table,OK,1358.567,3d3.(2D2).4s 3D J=1,3d3.(2D2).4p 3D* J=2,850000000.0,0.078,3201,line_0150,0.004
Fe V,1359.006,0.004,3043,,Hu2021_table,OK,1359.006,3d3.(2D1).4s 3D J=3,3d3.(2D1).4p 3F* J=4,9000000000.0,0.36,3043,line_0151,0.004
Fe V,1359.4034,0.004,3290,,Hu2021_table,OK,1359.406,3d3.(4F).4s 5F J=1,3d3.(4F).4p 5F* J=1,780000000.0,0.073,3290,line_0152,0.004
Fe V,1361.444,0.004,2521,,Hu2021_table,OK,1361.447,3d3.(2F).4s 1F J=3,3d3.(2F).4p 1G* J=4,7400000000.0,0.29,2521,line_0153,0.004
Fe V,1361.828,0.007,3100,,Hu2021_table,OK,1361.825,3d3.(2F).4s 3F J=4,3d3.(2F).4p 3G* J=5,10000000000.0,0.32,3100,line_0154,0.007
Fe V,1362.8639,0.004,2361,,Hu2021_table,OK,1362.864,3d3.(2D2).4s 3D J=3,3d3.(2D2).4p 3D* J=3,3500000000.0,0.14,2361,line_0155,0.004
Fe V,1363.0758,0.004,3504,,Hu2021_table,OK,1363.077,3d3.(4F).4s 5F J=3,3d3.(4F).4p 5F* J=4,2300000000.0,0.092,3504,line_0156,0.004
Fe V,1363.6431,0.004,3206,,Hu2021_table,OK,1363.642,3d3.(4F).4s 5F J=4,3d3.(4F).4p 5F* J=5,1900000000.0,0.058,3206,line_0157,0.004
Fe V,1364.8201,0.004,2960,,Hu2021_table,OK,1364.824,3d3.(4F).4s 5F J=2,3d3.(4F).4p 5F* J=1,780000000.0,0.044,2960,line_0158,0.004
Fe V,1365.1143,0.004,2613,,Hu2021_table,OK,1365.115,3d3.(4F).4s 5F J=3,3d3.(4F).4p 3D* J=2,1200000000.0,0.047,2613,line_0159,0.004
Fe V,1365.5742,0.004,4562,,Hu2021_table,OK,1365.571,3d3.(4F).4s 5F J=2,3d3.(4F).4p 5F* J=3,1900000000.0,0.107,4562,line_0160,0.004
Fe V,1370.3038,0.004,1606,,Hu2021_table,OK,1370.303,3d3.(2H).4s 3H J=6,3d3.(2H).4p 1H* J=5,660000000.0,0.014,1606,line_0161,0.004
Fe V,1371.2188,0.004,2272,,Hu2021_table,OK,1371.217,3d3.(2G).4s 3G J=4,3d3.(2G).4p 1G* J=4,400000000.0,0.013,2272,line_0162,0.004
Fe V,1371.9858,0.004,2311,,Hu2021_table,OK,1371.987,3d3.(2D2).4s 3D J=1,3d3.(2D2).4p 3D* J=1,1500000000.0,0.14,2311,line_0163,0.004
Fe V,1372.6536,0.004,2112,,Hu2021_table,OK,1372.651,3d3.(2D2).4s 3D J=3,3d3.(2D2).4p 3D* J=2,340000000.0,0.014,2112,line_0164,0.004
Fe V,1373.5868,0.004,2869,,Hu2021_table,OK,1373.587,3d3.(4F).4s 5F J=4,3d3.(4F).4p 5F* J=4,6500000000.0,0.2,2869,line_0165,0.004
Fe V,1373.677,0.007,4068,,Hu2021_table,OK,1373.674,3d3.(4F).4s 5F J=3,3d3.(4F).4p 5F* J=3,4800000000.0,0.2,4068,line_0166,0.007
Fe V,1373.9646,0.004,2065,,Hu2021_table,OK,1373.967,3d3.(4P).4s 3P J=2,3d3.(4P).4p 3D* J=3,2700000000.0,0.15,2065,line_0167,0.004
Fe V,1374.118,0.004,2569,,Hu2021_table,OK,1374.116,3d3.(2F).4s 3F J=3,3d3.(2F).4p 3G* J=4,8100000000.0,0.33,2569,line_0168,0.004
Fe V,1375.7851,0.004,3100,,Hu2021_table,OK,1375.784,3d3.(2H).4s 3H J=5,3d3.(2H).4p 1G* J=4,380000000.0,0.0097,3100,line_0169,0.004
Fe V,1376.3367,0.004,2442,,Hu2021_table,OK,1376.337,3d3.(4F).4s 5F J=5,3d3.(4F).4p 5F* J=5,8600000000.0,0.222,2442,line_0170,0.004
Fe V,1376.4511,0.004,3575,,Hu2021_table,OK,1376.455,3d3.(4F).4s 5F J=2,3d3.(4F).4p 5F* J=2,3400000000.0,0.19,3575,line_0171,0.004
Fe V,1378.562,0.004,3217,,Hu2021_table,OK,1378.56,3d3.(4P).4s 5P J=3,3d3.(4P).4p 5D* J=4,8600000000.0,0.35,3217,line_0172,0.004
Fe V,1379.2046,0.004,1763,,Hu2021_table,OK,1379.206,3d3.(4P).4s 3P J=2,3d3.(2D2).4p 3F* J=2,170000000.0,0.0096,1763,line_0173,0.004
Fe V,1380.114,0.004,3200,,Hu2021_table,OK,1380.112,3d3.(4F).4s 5F J=1,3d3.(4F).4p 5D* J=1,2000000000.0,0.19,3200,line_0174,0.004
Fe V,1382.5606,0.004,2955,,Hu2021_table,OK,1382.56,3d3.(2P).4s 3P J=2,3d3.(4P).4p 3D* J=1,96000000.0,0.0056,2955,line_0175,0.004
Fe V,1384.0585,0.004,2887,,Hu2021_table,OK,1384.055,3d3.(2P).4s 3P J=1,3d3.(4P).4p 3D* J=2,585000000.0,0.056,2887,line_0176,0.004
Fe V,1384.2003,0.004,2835,,Hu2021_table,OK,1384.201,3d3.(2P).4s 3P J=1,3d3.(4P).4p 3D* J=1,510000000.0,0.048,2835,line_0177,0.004
Fe V,1384.6837,0.004,3081,,Hu2021_table,OK,1384.688,3d3.(4F).4s 5F J=3,3d3.(4F).4p 5F* J=2,220000000.0,0.0089,3081,line_0178,0.004
Fe V,1385.312,0.004,3108,,Hu2021_table,OK,1385.313,3d3.(4F).4s 5F J=1,3d3.(4F).4p 5D* J=0,930000000.0,0.089,3108,line_0179,0.004
Fe V,1386.467,0.004,2105,,Hu2021_table,OK,1386.467,3d3.(4F).4s 5F J=5,3d3.(4F).4p 5F* J=4,62000000.0,0.0016,2105,line_0180,0.004
Fe V,1388.0401,0.004,3359,,Hu2021_table,OK,1388.04,3d3.(4F).4s 3F J=2,3d3.(4F).4p 3F* J=3,250000000.0,0.015,3359,line_0181,0.004
Fe V,1388.1938,0.004,3543,,Hu2021_table,OK,1388.195,3d3.(4P).4s 5P J=1,3d3.(4P).4p 3P* J=1,1100000000.0,0.109,3543,line_0182,0.004
Fe V,1388.3235,0.004,3033,,Hu2021_table,OK,1388.328,3d3.(4P).4s 5P J=1,3d3.(4P).4p 5D* J=2,2000000000.0,0.19,3033,line_0183,0.004
Fe V,1389.0048,0.004,2922,,Hu2021_table,OK,1389.0,3d3.(2G).4s 3G J=3,3d3.(2G).4p 3F* J=3,2000000000.0,0.081,2922,line_0184,0.004
Fe V,1390.7138,0.004,2769,,Hu2021_table,OK,1390.713,3d3.(2P).4s 3P J=2,3d3.(4P).4p 3D* J=3,360000000.0,0.021,2769,line_0185,0.004
Ni V,1390.917,0.006,3877,,Lee2025_2410.01849,OK,1390.919,3d5.(4P).4s 3P J=2,3d5.(4P).4p 3P* J=2,2060000000.0,0.119,3877,line_0186,0.006
Fe V,1390.969,0.004,2657,,Hu2021_table,OK,1390.972,3d3.(2D2).4s 1D J=2,3d3.(2H).4p 3G* J=3,410000000.0,0.023,2657,line_0187,0.004
Fe V,1392.2725,0.004,2392,,Hu2021_table,OK,1392.269,3d3.(4P).4s 3P J=2,3d3.(2P).4p 3D* J=3,420000000.0,0.024,2392,line_0188,0.004
Fe V,1392.94,0.004,3334,,Hu2021_table,OK,1392.941,3d3.(4P).4s 5P J=2,3d3.(4P).4p 3P* J=1,140000000.0,0.0079,3334,line_0189,0.004
Fe V,1393.0706,0.004,2824,,Hu2021_table,OK,1393.073,3d3.(4P).4s 5P J=2,3d3.(4P).4p 5D* J=2,1300000000.0,0.074,2824,line_0190,0.004
Fe V,1394.2712,0.004,2697,,Hu2021_table,OK,1394.272,3d3.(2G).4s 3G J=4,3d3.(2G).4p 3F* J=3,3200000000.0,0.105,2697,line_0191,0.004
Fe V,1394.6013,0.004,2555,,Hu2021_table,OK,1394.599,3d3.(4P).4s 5P J=1,3d3.(4P).4p 5D* J=0,480000000.0,0.046,2555,line_0192,0.004
Fe V,1394.6686,0.004,3206,,Hu2021_table,OK,1394.665,3d3.(2G).4s 3G J=3,3d3.(2G).4p 3F* J=2,2800000000.0,0.119,3206,line_0193,0.004
Fe V,1395.4411,0.004,3104,,Hu2021_table,OK,1395.442,3d3.(2P).4s 3P J=2,3d3.(2P).4p 3S* J=1,390000000.0,0.023,3104,line_0194,0.004
Fe V,1397.7545,0.004,2347,,Hu2021_table,OK,1397.753,3d3.(2P).4s 3P J=1,3d3.(2D2).4p 3F* J=2,525000000.0,0.051,2347,line_0195,0.004
Fe V,1397.973,0.004,2215,,Hu2021_table,OK,1397.972,3d3.(4P).4s 5P J=3,3d3.(4P).4p 5D* J=3,1500000000.0,0.062,2215,line_0196,0.004
Fe V,1398.1624,0.004,2172,,Hu2021_table,OK,1398.166,3d3.(4F).4s 5F J=3,3d3.(4F).4p 5D* J=3,71400000.0,0.003,2172,line_0197,0.004
Fe V,1401.5384,0.004,2618,,Hu2021_table,OK,1401.535,3d3.(2P).4s 3P J=1,3d3.(2D2).4p 1P* J=1,90000000.0,0.0089,2618,line_0198,0.004
Fe V,1404.0438,0.004,2128,,Hu2021_table,OK,1404.048,3d3.(4P).4s 5P J=3,3d3.(4P).4p 5D* J=2,95000000.0,0.0041,2128,line_0199,0.004
Fe V,1404.2589,0.004,1970,,Hu2021_table,OK,1404.26,3d3.(4P).4s 3P J=0,3d3.(2P).4p 3D* J=1,630000000.0,0.18,1970,line_0200,0.004
Fe V,1406.671,0.004,2222,,Hu2021_table,OK,1406.669,3d3.(4F).4s 3F J=4,3d3.(4F).4p 3F* J=4,7600000000.0,0.252,2222,line_0201,0.004
Fe V,1406.822,0.004,2157,,Hu2021_table,OK,1406.824,3d3.(2D2).4s 3D J=3,3d3.(2D2).4p 3F* J=4,7100000000.0,0.3,2157,line_0202,0.004
Fe V,1407.0098,0.004,3312,,Hu2021_table,OK,1407.007,3d3.(2D2).4s 3D J=1,3d3.(4P).4p 3D* J=1,390000000.0,0.038,3312,line_0203,0.004
Fe V,1407.247,0.004,2471,,Hu2021_table,OK,1407.246,3d3.(2H).4s 1H J=5,3d3.(2H).4p 1I* J=6,12000000000.0,0.32,2471,line_0204,0.004
Fe V,1407.564,0.004,2209,,Hu2021_table,OK,1407.568,3d3.(2H).4s 3H J=6,3d3.(2H).4p 3I* J=6,90000000.0,0.002,2209,line_0205,0.004
Fe V,1408.119,0.004,1343,,Hu2021_table,OK,1408.117,3d3.(4F).4s 5F J=2,3d3.(4F).4p 3D* J=1,1300000000.0,0.078,1343,line_0206,0.004
Fe V,1408.7993,0.004,2823,,Hu2021_table,OK,1408.801,3d3.(2H).4s 1H J=5,3d3.(2H).4p 3G* J=5,600000000.0,0.017,2823,line_0207,0.004
Fe V,1409.0254,0.004,1409,,Hu2021_table,OK,1409.026,3d3.(4F).4s 5F J=3,3d3.(4F).4p 5D* J=2,3200000000.0,0.133,1409,line_0208,0.004
Fe V,1409.2236,0.004,1537,,Hu2021_table,OK,1409.22,3d3.(4F).4s 5F J=4,3d3.(4F).4p 5D* J=3,5400000000.0,0.18,1537,line_0209,0.004
Fe V,1409.451,0.004,1628,,Hu2021_table,OK,1409.451,3d3.(4F).4s 5F J=5,3d3.(4F).4p 5D* J=4,7800000000.0,0.213,1628,line_0210,0.004
Fe V,1409.7226,0.004,1716,,Hu2021_table,OK,1409.723,3d3.(4P).4s 3P J=1,3d3.(2P).4p 3D* J=1,312000000.0,0.031,1716,line_0211,0.004
Fe V,1409.8484,0.004,2845,,Hu2021_table,OK,1409.846,3d3.(2G).4s 3G J=4,3d3.(2G).4p 3G* J=5,1900000000.0,0.063,2845,line_0212,0.004
Fe V,1411.0703,0.004,3620,,Hu2021_table,OK,1411.069,3d3.(4P).4s 3P J=1,3d3.(2D2).4p 3P* J=2,160000000.0,0.016,3620,line_0213,0.004
Fe V,1411.5675,0.004,1609,,Hu2021_table,OK,1411.566,3d3.(2G).4s 3G J=5,3d3.(2G).4p 3F* J=4,2700000000.0,0.074,1609,line_0214,0.004
Fe V,1414.832,0.004,1764,,Hu2021_table,OK,1414.832,3d3.(4F).4s 3F J=3,3d3.(4F).4p 3F* J=2,700000000.0,0.03,1764,line_0215,0.004
Fe V,1416.2196,0.004,2396,,Hu2021_table,OK,1416.219,3d3.(2D2).4s 1D J=2,3d3.(2D2).4p 1F* J=3,4300000000.0,0.26,2396,line_0216,0.004
Fe V,1416.829,0.004,2137,,Hu2021_table,OK,1416.832,3d3.(2H).4s 3H J=5,3d3.(2H).4p 3I* J=5,50000000.0,0.0014,2137,line_0217,0.004
Fe V,1417.003,0.004,2427,,Hu2021_table,OK,1417.001,3d3.(2D2).4s 3D J=3,3d3.(2P).4p 3F* J=3,320000000.0,0.014,2427,line_0218,0.004
Fe V,1418.1223,0.004,2433,,Hu2021_table,OK,1418.123,3d3.(2G).4s 3G J=5,3d3.(2G).4p 3G* J=5,6600000000.0,0.18,2433,line_0219,0.004
Fe V,1420.418,0.01,1509,,Hu2021_table,OK,1420.419,3d3.(4F).4s 3F J=4,3d3.(4F).4p 3F* J=3,805000000.0,0.027,1509,line_0220,0.01
Fe V,1420.6049,0.004,2368,,Hu2021_table,OK,1420.602,3d3.(2G).4s 3G J=4,3d3.(2G).4p 3G* J=4,4000000000.0,0.132,2368,line_0221,0.004
Fe V,1420.7486,0.004,2799,,Hu2021_table,OK,1420.749,3d3.(2P).4s 3P J=2,3d3.(2P).4p 3D* J=2,440000000.0,0.027,2799,line_0222,0.004
Fe V,1421.0167,0.004,2824,,Hu2021_table,OK,1421.016,3d3.(2D2).4s 3D J=1,3d3.(2D2).4p 3F* J=2,950000000.0,0.094,2824,line_0223,0.004
Fe V,1421.9775,0.004,2275,,Hu2021_table,OK,1421.981,3d3.(2D2).4s 3D J=3,3d3.(4P).4p 3D* J=2,55000000.0,0.0024,2275,line_0224,0.004
Fe V,1422.4802,0.004,2679,,Hu2021_table,OK,1422.481,3d3.(2P).4s 3P J=1,3d3.(2P).4p 3D* J=2,1600000000.0,0.16,2679,line_0225,0.004
Fe V,1425.0834,0.004,1372,,Hu2021_table,OK,1425.088,3d3.(4P).4s 5P J=2,3d3.(4P).4p 5D* J=1,480000000.0,0.029,1372,line_0226,0.004
Fe V,1426.4346,0.004,713,,Hu2021_table,OK,1426.432,3d3.(4P).4s 3P J=2,3d3.(2P).4p 3D* J=1,17000000.0,0.001,713,line_0227,0.004
Fe V,1427.8145,0.004,2617,,Hu2021_table,OK,1427.815,3d3.(4P).4s 3P J=2,3d3.(2D2).4p 3P* J=2,420000000.0,0.026,2617,line_0228,0.004
Fe V,1429.0058,0.004,1956,,Hu2021_table,OK,1429.004,3d3.(2G).4s 3G J=5,3d3.(2G).4p 3G* J=4,2000000000.0,0.055,1956,line_0229,0.004
Fe V,1429.33,0.004,2362,,Hu2021_table,OK,1429.33,3d3.(2D2).4s 1D J=2,3d3.(2D2).4p 3P* J=1,78000000.0,0.0048,2362,line_0230,0.004
Fe V,1429.4691,0.004,1730,,Hu2021_table,OK,1429.472,3d3.(2G).4s 3G J=3,3d3.(2G).4p 3G* J=3,3600000000.0,0.16,1730,line_0231,0.004
Fe V,1430.313,0.004,2449,,Hu2021_table,OK,1430.309,3d3.(2F).4s 1F J=3,3d3.(2F).4p 1D* J=2,3200000000.0,0.14,2449,line_0232,0.004
Fe V,1430.573,0.004,3207,,Hu2021_table,OK,1430.573,3d3.(4F).4s 5F J=5,3d3.(4F).4p 5G* J=6,11000000000.0,0.32,3207,line_0233,0.004
Fe V,1430.7552,0.004,2037,,Hu2021_table,OK,1430.751,3d3.(2D2).4s 3D J=3,3d3.(4P).4p 3D* J=3,1800000000.0,0.077,2037,line_0234,0.004
Fe V,1431.8875,0.004,1062,,Hu2021_table,OK,1431.891,3d3.(4P).4s 5P J=3,3d3.(4P).4p 3P* J=2,160000000.0,0.0072,1062,line_0235,0.004
Fe V,1435.0474,0.004,1505,,Hu2021_table,OK,1435.046,3d3.(2G).4s 3G J=4,3d3.(2G).4p 3G* J=3,1500000000.0,0.05,1505,line_0236,0.004
Fe V,1440.529,0.004,2780,,Hu2021_table,OK,1440.528,3d3.(4F).4s 5F J=4,3d3.(4F).4p 5G* J=5,7900000000.0,0.273,2780,line_0237,0.004
Fe V,1440.7939,0.004,2674,,Hu2021_table,OK,1440.792,3d3.(4P).4s 5P J=1,3d3.(4P).4p 5P* J=2,1600000000.0,0.16,2674,line_0238,0.004
Fe V,1442.2167,0.004,2897,,Hu2021_table,OK,1442.221,3d3.(2G).4s 1G J=4,3d3.(2G).4p 1H* J=5,7200000000.0,0.25,2897,line_0239,0.004
Fe V,1443.1662,0.004,2368,,Hu2021_table,OK,1443.163,3d3.(2D2).4s 1D J=2,3d3.(2D2).4p 3D* J=3,390000000.0,0.025,2368,line_0240,0.004
Fe V,1446.286,0.004,1297,,Hu2021_table,OK,1446.285,3d3.(2P).4s 3P J=1,3d3.(2P).4p 3D* J=1,357000000.0,0.037,1297,line_0241,0.004
Fe V,1447.7045,0.004,3201,,Hu2021_table,OK,1447.709,3d3.(2P).4s 3P J=1,3d3.(2D2).4p 3P* J=2,480000000.0,0.05,3201,line_0242,0.004
Fe V,1448.8487,0.004,2406,,Hu2021_table,OK,1448.846,3d3.(4F).4s 5F J=3,3d3.(4F).4p 5G* J=4,5700000000.0,0.26,2406,line_0243,0.004
Fe V,1449.929,0.004,2535,,Hu2021_table,OK,1449.928,3d3.(2F).4s 3F J=4,3d3.(2F).4p 3F* J=4,7100000000.0,0.25,2535,line_0244,0.004
Fe V,1451.102,0.004,2103,,Hu2021_table,OK,1451.103,3d3.(4P).4s 5P J=1,3d3.(4P).4p 5P* J=1,540000000.0,0.058,2103,line_0245,0.004
Fe V,1451.266,0.004,1997,,Hu2021_table,OK,1451.264,3d3.(2D1).4s 3D J=2,3d3.(2D1).4p 3D* J=1,780000000.0,0.049,1997,line_0246,0.004
Fe V,1453.616,0.004,1667,,Hu2021_table,OK,1453.618,3d3.(2H).4s 1H J=5,3d3.(2H).4p 1H* J=5,6700000000.0,0.19,1667,line_0247,0.004
Fe V,1454.241,0.004,1880,,Hu2021_table,OK,1454.243,3d3.(2D1).4s 3D J=1,3d3.(2D1).4p 3D* J=1,1600000000.0,0.17,1880,line_0248,0.004
Fe V,1454.47,0.004,2372,,Hu2021_table,OK,1454.471,3d3.(2F).4s 3F J=3,3d3.(2F).4p 3F* J=4,33000000.0,0.0015,2372,line_0249,0.004
Fe V,1454.702,0.004,2016,,Hu2021_table,OK,1454.701,3d3.(4F).4s 5F J=5,3d3.(4F).4p 5G* J=5,1450000000.0,0.042,2016,line_0250,0.004
Fe V,1455.557,0.004,2598,,Hu2021_table,OK,1455.559,3d3.(4F).4s 3F J=2,3d3.(4F).4p 3G* J=3,5100000000.0,0.33,2598,line_0251,0.004
Fe V,1455.712,0.004,2133,,Hu2021_table,OK,1455.707,3d3.(2H).4s 3H J=4,3d3.(2P).4p 3D* J=3,,,2133,line_0252,0.004
Fe V,1456.1622,0.004,2067,,Hu2021_table,OK,1456.161,3d3.(4F).4s 5F J=2,3d3.(4F).4p 5G* J=3,4100000000.0,0.26,2067,line_0253,0.004
Fe V,1456.289,0.004,1894,,Hu2021_table,OK,1456.285,3d3.(4P).4s 5P J=2,3d3.(4P).4p 5P* J=1,1900000000.0,0.122,1894,line_0254,0.004
Fe V,1459.256,0.004,2088,,Hu2021_table,OK,1459.254,3d3.(2F).4s 3F J=3,3d3.(2F).4p 3F* J=3,4600000000.0,0.21,2088,line_0255,0.004
Fe V,1459.833,0.004,2416,,Hu2021_table,OK,1459.831,3d3.(4F).4s 3F J=3,3d3.(4F).4p 3G* J=4,6600000000.0,0.3,2416,line_0256,0.004
Fe V,1460.7298,0.004,1771,,Hu2021_table,OK,1460.726,3d3.(4F).4s 5F J=4,3d3.(4F).4p 5G* J=4,1800000000.0,0.063,1771,line_0257,0.004
Fe V,1461.054,0.004,2033,,Hu2021_table,OK,1461.05,3d3.(2F).4s 3F J=3,3d3.(2F).4p 3F* J=2,650000000.0,0.029,2033,line_0258,0.004
Fe V,1462.5641,0.004,2067,,Hu2021_table,OK,1462.563,3d3.(2D2).4s 3D J=3,3d3.(2P).4p 3D* J=2,,,2067,line_0259,0.004
Fe V,1462.635,0.004,1750,,Hu2021_table,OK,1462.631,3d3.(4F).4s 5F J=1,3d3.(4F).4p 5G* J=2,3000000000.0,0.32,1750,line_0260,0.004
Fe V,1463.065,0.004,1941,,Hu2021_table,OK,1463.067,3d3.(2F).4s 3F J=2,3d3.(2F).4p 3F* J=3,74200000.0,0.0048,1941,line_0261,0.004
Fe V,1464.2202,0.004,851,,Hu2021_table,OK,1464.224,3d3.(4P).4s 3P J=2,3d3.(2P).4p 3P* J=1,110000000.0,0.0073,851,line_0262,0.004
Fe V,1464.685,0.004,2232,,Hu2021_table,OK,1464.683,3d3.(4F).4s 3F J=4,3d3.(4F).4p 3G* J=5,7900000000.0,0.282,2232,line_0263,0.004
Fe V,1464.873,0.004,1886,,Hu2021_table,OK,1464.876,3d3.(2F).4s 3F J=2,3d3.(2F).4p 3F* J=2,3200000000.0,0.2,1886,line_0264,0.004
Fe V,1466.6498,0.004,2212,,Hu2021_table,OK,1466.649,3d3.(2G).4s 3G J=4,3d3.(2G).4p 3H* J=5,5400000000.0,0.19,2212,line_0265,0.004
Fe V,1468.908,0.004,1420,,Hu2021_table,OK,1468.911,3d3.(4F).4s 5F J=2,3d3.(4F).4p 5G* J=2,1000000000.0,0.064,1420,line_0266,0.004
Fe V,1469.0,0.004,2431,,Hu2021_table,OK,1469.0,3d3.(2H).4s 3H J=6,3d3.(2H).4p 3H* J=6,7900000000.0,0.196,2431,line_0267,0.004
Fe V,1469.5986,0.004,3313,,Hu2021_table,OK,1469.599,3d3.(2P).4s 3P J=2,3d3.(2G).4p 1F* J=3,200000000.0,0.013,3313,line_0268,0.004
Fe V,1471.2059,0.004,1774,,Hu2021_table,OK,1471.205,3d3.(2D2).4s 3D J=1,3d3.(2P).4p 3D* J=1,220000000.0,0.024,1774,line_0269,0.004
Fe V,1471.334,0.004,1754,,Hu2021_table,OK,1471.331,3d3.(4F).4s 3F J=3,3d3.(4F).4p 3G* J=3,250000000.0,0.0116,1754,line_0270,0.004
Fe V,1472.098,0.004,2264,,Hu2021_table,OK,1472.098,3d3.(2H).4s 3H J=5,3d3.(2H).4p 3H* J=5,6500000000.0,0.19,2264,line_0271,0.004
Fe V,1472.5116,0.004,2576,,Hu2021_table,OK,1472.512,3d3.(2H).4s 3H J=4,3d3.(2H).4p 3H* J=4,5400000000.0,0.2,2576,line_0272,0.004
Fe V,1472.805,0.004,2349,,Hu2021_table,OK,1472.805,3d3.(2P).4s 3P J=2,3d3.(4P).4p 5S* J=2,400000000.0,0.026,2349,line_0273,0.004
Fe V,1474.2722,0.004,3111,,Hu2021_table,OK,1474.275,3d3.(2H).4s 3H J=5,3d3.(2H).4p 3H* J=4,500000000.0,0.015,3111,line_0274,0.004
Fe V,1475.305,0.004,1007,,Hu2021_table,OK,1475.302,3d3.(4F).4s 5F J=5,3d3.(4F).4p 5G* J=4,67000000.0,0.002,1007,line_0275,0.004
Fe V,1475.6059,0.004,1800,,Hu2021_table,OK,1475.604,3d3.(2G).4s 3G J=5,3d3.(2G).4p 3H* J=5,1800000000.0,0.052,1800,line_0276,0.004
Fe V,1477.534,0.004,938,,Hu2021_table,OK,1477.536,3d3.(4F).4s 5F J=4,3d3.(4F).4p 5G* J=3,98000000.0,0.0037,938,line_0277,0.004
Fe V,1477.7992,0.004,2048,,Hu2021_table,OK,1477.798,3d3.(2H).4s 3H J=6,3d3.(2H).4p 3H* J=5,550000000.0,0.014,2048,line_0278,0.004
Fe V,1478.287,0.004,926,,Hu2021_table,OK,1478.288,3d3.(4F).4s 5F J=3,3d3.(4F).4p 5G* J=2,80000000.0,0.0036,926,line_0279,0.004
Fe V,1478.785,0.004,2037,,Hu2021_table,OK,1478.785,3d3.(2P).4s 3P J=1,3d3.(2P).4p 3P* J=0,710000000.0,0.078,2037,line_0280,0.004
Fe V,1479.39,0.004,1410,,Hu2021_table,OK,1479.388,3d3.(4F).4s 3F J=4,3d3.(4F).4p 3G* J=4,190000000.0,0.0068,1410,line_0281,0.004
Fe V,1483.2574,0.004,1555,,Hu2021_table,OK,1483.259,3d3.(2P).4s 3P J=2,3d3.(2P).4p 3P* J=1,1700000000.0,0.112,1555,line_0282,0.004
Fe V,1484.212,0.004,1587,,Hu2021_table,OK,1484.209,3d3.(2P).4s 1P J=1,3d3.(4P).4p 3D* J=2,360000000.0,0.04,1587,line_0283,0.004
Fe V,1484.375,0.004,1535,,Hu2021_table,OK,1484.372,3d3.(2P).4s 1P J=1,3d3.(4P).4p 3D* J=1,30000000.0,0.0031,1535,line_0284,0.004
Fe V,1485.4533,0.004,1418,,Hu2021_table,OK,1485.45,3d3.(2G).4s 3G J=4,3d3.(2G).4p 3H* J=4,1100000000.0,0.04,1418,line_0285,0.004
Fe V,1485.9263,0.004,3092,,Hu2021_table,OK,1485.927,3d3.(2G).4s 1G J=4,3d3.(2G).4p 3F* J=3,160000000.0,0.0059,3092,line_0286,0.004
Fe V,1494.6412,0.004,1006,,Hu2021_table,OK,1494.639,3d3.(2G).4s 3G J=5,3d3.(2G).4p 3H* J=4,49000000.0,0.0015,1006,line_0287,0.004
Fe V,1495.615,0.004,2270,,Hu2021_table,OK,1495.616,3d3.(2H).4s 1H J=5,3d3.(2H).4p 3I* J=6,200000000.0,0.0059,2270,line_0288,0.004
Fe V,1496.2648,0.004,2416,,Hu2021_table,OK,1496.266,3d3.(2G).4s 1G J=4,3d3.(2G).4p 3F* J=4,2500000000.0,0.095,2416,line_0289,0.004
Fe V,1499.2326,0.004,1684,,Hu2021_table,OK,1499.233,3d3.(2P).4s 1P J=1,3d3.(2P).4p 3S* J=1,36900000.0,0.0041,1684,line_0290,0.004
Fe V,1500.5822,0.004,2706,,Hu2021_table,OK,1500.581,3d3.(2D2).4s 3D J=1,3d3.(4P).4p 5S* J=2,90000000.0,0.0099,2706,line_0291,0.004
Fe V,1504.3315,0.004,1318,,Hu2021_table,OK,1504.329,3d3.(2P).4s 1P J=1,3d3.(2D2).4p 1P* J=1,390000000.0,0.043,1318,line_0292,0.004
Fe V,1504.848,0.004,2514,,Hu2021_table,OK,1504.848,3d3.(2D2).4s 3D J=1,3d3.(2P).4p 3P* J=0,30000000.0,0.0034,2514,line_0293,0.004
Fe V,1508.1512,0.004,2801,,Hu2021_table,OK,1508.153,3d3.(2P).4s 3P J=2,3d3.(2G).4p 3F* J=3,220000000.0,0.015,2801,line_0294,0.004
Fe V,1509.7897,0.004,2230,,Hu2021_table,OK,1509.792,3d3.(2D2).4s 1D J=2,3d3.(4P).4p 3D* J=1,230000000.0,0.016,2230,line_0295,0.004
Fe V,1511.434,0.004,1912,,Hu2021_table,OK,1511.429,3d3.(2D2).4s 3D J=1,3d3.(2P).4p 3P* J=1,210000000.0,0.024,1912,line_0296,0.004
Fe V,1514.8306,0.004,3085,,Hu2021_table,OK,1514.834,3d3.(2P).4s 3P J=2,3d3.(2G).4p 3F* J=2,160000000.0,0.0112,3085,line_0297,0.004
Fe V,1515.5359,0.004,3306,,Hu2021_table,OK,1515.533,3d3.(4F).4s 3F J=2,3d3.(4F).4p 3D* J=3,41000000.0,0.0029,3306,line_0298,0.004
Fe V,1516.7993,0.004,2965,,Hu2021_table,OK,1516.804,3d3.(2P).4s 3P J=1,3d3.(2G).4p 3F* J=2,240000000.0,0.028,2965,line_0299,0.004
Fe V,1519.5178,0.004,2044,,Hu2021_table,OK,1519.519,3d3.(2D2).4s 1D J=2,3d3.(4P).4p 3D* J=3,98000000.0,0.0068,2044,line_0300,0.004
Fe V,1525.1631,0.004,2379,,Hu2021_table,OK,1525.165,3d3.(2D2).4s 1D J=2,3d3.(2P).4p 3S* J=1,72000000.0,0.005,2379,line_0301,0.004
Fe V,1530.4401,0.004,2013,,Hu2021_table,OK,1530.439,3d3.(2D2).4s 1D J=2,3d3.(2D2).4p 1P* J=1,1300000000.0,0.091,2013,line_0302,0.004
Fe V,1532.3289,0.004,1900,,Hu2021_table,OK,1532.33,3d3.(2G).4s 1G J=4,3d3.(2G).4p 3G* J=3,340000000.0,0.013,1900,line_0303,0.004
Fe V,1535.0382,0.004,905,,Hu2021_table,OK,1535.034,3d3.(4P).4s 3P J=2,3d3.(2G).4p 3G* J=3,,,905,line_0304,0.004
Fe V,1543.234,0.004,2774,,Hu2021_table,OK,1543.234,3d3.(4F).4s 3F J=2,3d3.(4F).4p 5F* J=1,900000000.0,0.065,2774,line_0305,0.004
Fe V,1554.218,0.004,1456,,Hu2021_table,OK,1554.219,3d3.(4F).4s 3F J=4,3d3.(4F).4p 3D* J=3,3200000000.0,0.127,1456,line_0306,0.004
Fe V,1555.4456,0.004,2074,,Hu2021_table,OK,1555.442,3d3.(2D2).4s 1D J=2,3d3.(2P).4p 3D* J=2,310000000.0,0.022,2074,line_0307,0.004
Fe V,1557.0542,0.004,3764,,Hu2021_table,OK,1557.051,3d3.(4P).4s 3P J=0,3d3.(4P).4p 3P* J=1,260000000.0,0.095,3764,line_0308,0.004
Fe V,1557.31,0.004,2299,,Hu2021_table,OK,1557.311,3d3.(4F).4s 3F J=4,3d3.(4F).4p 5F* J=5,310000000.0,0.0124,2299,line_0309,0.004
Fe V,1557.6467,0.004,1901,,Hu2021_table,OK,1557.645,3d3.(2P).4s 1P J=1,3d3.(2D2).4p 3P* J=2,160000000.0,0.019,1901,line_0310,0.004
Fe V,1563.7745,0.004,3510,,Hu2021_table,OK,1563.778,3d3.(4P).4s 3P J=1,3d3.(4P).4p 3P* J=1,180000000.0,0.022,3510,line_0311,0.004
Fe V,1569.981,0.004,2684,,Hu2021_table,OK,1569.985,3d3.(4F).4s 3F J=2,3d3.(4F).4p 5D* J=1,93000000.0,0.0069,2684,line_0312,0.004
Fe V,1571.91,0.004,2522,,Hu2021_table,OK,1571.91,3d3.(4P).4s 3P J=1,3d3.(4P).4p 5D* J=0,250000000.0,0.031,2522,line_0313,0.004
Fe V,1576.2143,0.004,2545,,Hu2021_table,OK,1576.212,3d3.(4F).4s 3F J=3,3d3.(4F).4p 5F* J=2,180000000.0,0.0093,2545,line_0314,0.004
Fe V,1582.7979,0.004,2521,,Hu2021_table,OK,1582.802,3d3.(2H).4s 3H J=5,3d3.(2G).4p 3G* J=5,100000000.0,0.0036,2521,line_0315,0.004
Fe V,1583.9544,0.004,692,,Hu2021_table,OK,1583.958,3d3.(2D2).4s 1D J=2,3d3.(2P).4p 3D* J=1,33000000.0,0.0024,692,line_0316,0.004
Fe V,1584.5342,0.004,1997,,Hu2021_table,OK,1584.53,3d3.(4P).4s 3P J=2,3d3.(4P).4p 5D* J=2,650000000.0,0.048,1997,line_0317,0.004
Fe V,1585.656,0.004,2596,,Hu2021_table,OK,1585.655,3d3.(2D2).4s 1D J=2,3d3.(2D2).4p 3P* J=2,200000000.0,0.015,2596,line_0318,0.004
Fe V,1588.197,0.004,1740,,Hu2021_table,OK,1588.199,3d3.(2D2).4s 3D J=3,3d3.(2G).4p 3G* J=4,80000000.0,0.0046,1740,line_0319,0.004
Fe V,1588.9028,0.004,929,,Hu2021_table,OK,1588.906,3d3.(2P).4s 1P J=1,3d3.(4P).4p 5S* J=2,360000000.0,0.046,929,line_0320,0.004
Fe V,1589.011,0.004,1717,,Hu2021_table,OK,1589.013,3d3.(4F).4s 3F J=2,3d3.(4F).4p 5D* J=2,160000000.0,0.0123,1717,line_0321,0.004
Fe V,1589.3908,0.004,2305,,Hu2021_table,OK,1589.39,3d3.(2H).4s 3H J=6,3d3.(2G).4p 3G* J=5,250000000.0,0.0074,2305,line_0322,0.004
Fe V,1589.9376,0.004,1813,,Hu2021_table,OK,1589.941,3d3.(2G).4s 1G J=4,3d3.(2G).4p 3H* J=4,20000000.0,0.00082,1813,line_0323,0.004
Fe V,1593.7032,0.004,1636,,Hu2021_table,OK,1593.708,3d3.(4F).4s 3F J=3,3d3.(4F).4p 5D* J=3,120000000.0,0.0065,1636,line_0324,0.004
Fe V,1596.3679,0.004,2044,,Hu2021_table,OK,1596.365,3d3.(2H).4s 3H J=5,3d3.(2G).4p 3G* J=4,180000000.0,0.0061,2044,line_0325,0.004
Fe V,1598.824,0.004,1157,,Hu2021_table,OK,1598.824,3d3.(4F).4s 3F J=2,3d3.(4F).4p 3D* J=1,780000000.0,0.061,1157,line_0326,0.004
Fe V,1599.84,0.004,1485,,Hu2021_table,OK,1599.842,3d3.(4F).4s 3F J=4,3d3.(4F).4p 5D* J=4,38000000.0,0.0016,1485,line_0327,0.004
Fe V,1606.6786,0.004,3211,,Hu2021_table,OK,1606.675,3d3.(2P).4s 3P J=2,3d3.(4P).4p 3P* J=1,51000000.0,0.0039,3211,line_0328,0.004
Fe V,1607.833,0.004,873,,Hu2021_table,OK,1607.83,3d3.(4F).4s 3F J=3,3d3.(4F).4p 5D* J=2,650000000.0,0.037,873,line_0329,0.004
Fe V,1614.1888,0.004,2588,,Hu2021_table,OK,1614.186,3d3.(2D2).4s 1D J=2,3d3.(2G).4p 1F* J=3,460000000.0,0.036,2588,line_0330,0.004
Fe V,1617.04,0.004,630,,Hu2021_table,OK,1617.039,3d3.(4F).4s 3F J=4,3d3.(4F).4p 5D* J=3,380000000.0,0.016,630,line_0331,0.004
Fe V,1618.058,0.004,1624,,Hu2021_table,OK,1618.057,3d3.(2D2).4s 1D J=2,3d3.(4P).4p 5S* J=2,160000000.0,0.013,1624,line_0332,0.004
Fe V,1618.379,0.004,3209,,Hu2021_table,OK,1618.383,3d3.(2H).4s 3H J=5,3d3.(2G).4p 3H* J=6,46000000.0,0.0016,3209,line_0333,0.004
Fe V,1620.0873,0.004,931,,Hu2021_table,OK,1620.087,3d3.(4P).4s 3P J=2,3d3.(4P).4p 3P* J=2,1200000000.0,0.093,931,line_0334,0.004
Fe V,1624.255,0.004,2023,,Hu2021_table,OK,1624.251,3d3.(2H).4s 1H J=5,3d3.(2G).4p 1H* J=5,1330000000.0,0.048,2023,line_0335,0.004
Fe V,1630.8433,0.004,2641,,Hu2021_table,OK,1630.841,3d3.(4P).4s 3P J=1,3d3.(4P).4p 5P* J=2,30000000.0,0.0037,2641,line_0336,0.004
Fe V,1639.7918,0.004,3568,,Hu2021_table,OK,1639.794,3d3.(2D2).4s 3D J=1,3d3.(4P).4p 3P* J=1,25000000.0,0.0033,3568,line_0337,0.004
Fe V,1643.4256,0.004,1635,,Hu2021_table,OK,1643.427,3d3.(2P).4s 3P J=2,3d3.(4P).4p 3P* J=2,14000000.0,0.00113,1635,line_0338,0.004
Fe V,1645.743,0.004,1515,,Hu2021_table,OK,1645.742,3d3.(2P).4s 3P J=1,3d3.(4P).4p 3P* J=2,75000000.0,0.01,1515,line_0339,0.004
Fe V,1648.74,0.004,2580,,Hu2021_table,OK,1648.743,3d3.(2D2).4s 3D J=1,3d3.(4P).4p 5D* J=0,42000000.0,0.0057,2580,line_0340,0.004
Fe V,1651.9301,0.004,1129,,Hu2021_table,OK,1651.927,3d3.(2P).4s 3P J=1,3d3.(4P).4p 5D* J=1,48000000.0,0.0066,1129,line_0341,0.004
Fe V,1652.528,0.004,1353,,Hu2021_table,OK,1652.531,3d3.(2H).4s 3H J=4,3d3.(2G).4p 3H* J=5,46000000.0,0.0021,1353,line_0342,0.004
Fe V,1654.7456,0.004,1888,,Hu2021_table,OK,1654.744,3d3.(2H).4s 3H J=5,3d3.(2G).4p 3H* J=5,1100000000.0,0.04,1888,line_0343,0.004
Fe V,1659.894,0.004,1870,,Hu2021_table,OK,1659.897,3d3.(4F).4s 3F J=3,3d3.(4F).4p 5G* J=4,50000000.0,0.0029,1870,line_0344,0.004
Fe V,1660.5473,0.004,1969,,Hu2021_table,OK,1660.551,3d3.(2D2).4s 3D J=3,3d3.(4P).4p 5D* J=2,85000000.0,0.0051,1969,line_0345,0.004
Fe V,1661.049,0.004,1881,,Hu2021_table,OK,1661.048,3d3.(4F).4s 3F J=2,3d3.(4F).4p 5G* J=3,27000000.0,0.0022,1881,line_0346,0.004
Fe V,1662.738,0.004,793,,Hu2021_table,OK,1662.742,3d3.(2P).4s 3P J=1,3d3.(4P).4p 3P* J=0,16000000.0,0.0023,793,line_0347,0.004
Fe V,1668.925,0.004,2360,,Hu2021_table,OK,1668.926,3d3.(2D2).4s 1D J=2,3d3.(2G).4p 3F* J=2,60000000.0,0.0048,2360,line_0348,0.004
Fe V,1676.438,0.007,559,,Hu2021_table,OK,1676.441,3d3.(2H).4s 3H J=4,3d3.(2G).4p 3H* J=4,750000000.0,0.035,559,line_0349,0.007
Fe V,1699.6353,0.004,903,,Hu2021_table,OK,1699.636,3d3.(2D2).4s 3D J=3,3d3.(4P).4p 3P* J=2,140000000.0,0.0086,903,line_0350,0.004
