line_id,species,lambda0_ang,lambda_obs,sigma_lambda_obs,depth,width,continuum_c0,continuum_c1,chi2_local,reduced_chi2_local,asymmetry,snr,window_contam,flags,n_components,q_cm1,lambda0_unc_ang
line_0001,Ni V,1167.102,1167.2126326083542,0.007672693356639927,-0.2470698843405983,0.20936927749482592,1.0308957619125048,0.01716722538166586,296.1284742080546,1.9741898280536976,0.3529891140564548,15.614397518253591,0.1275454133573556,BLEND_SUSPECT;MULTI_MINIMA;SATURATED,2,2415,0.005
line_0002,Ni V,1182.606,1182.6992323486083,0.006995859017304904,-0.2925220632703726,0.21093339375039669,1.0466182804719246,-0.020300147796279724,606.4280237508282,4.042853491672187,-0.45311761630417974,22.222230138154572,0.13176303293373484,BLEND_SUSPECT;MULTI_MINIMA;SATURATED,2,2791,0.005
line_0003,Ni V,1185.944,1185.9753743142594,0.008374602008397694,-0.24186610746567094,0.18885590903773924,1.0132972981003072,-0.029320986699818162,717.8857830096006,4.785905220064004,-0.40380650023518133,17.192621724690177,0.22218650117634867,BLEND_SUSPECT;MULTI_MINIMA;SATURATED,2,3588,0.005
line_0004,Fe V,1195.0981,1195.121639380907,0.015655585630544068,-0.20987966491741605,0.19383042814408685,1.1198772098674927,0.15526392446881296,623.5641654811976,4.157094436541318,1.006208899322854,22.00089704766269,0.12473851619798784,BLEND_SUSPECT;MULTI_MINIMA;SATURATED,2,3503,0.004
line_0005,Ni V,1195.189,1195.2113580782184,0.010137904016507665,-0.2073747254640982,0.25576828208250524,1.0792693022406663,-0.029394331435504455,693.1557075881976,4.621038050587984,0.3129887355478076,21.738313652340615,0.13113116043500703,BLEND_SUSPECT;MULTI_MINIMA;SATURATED,2,3065,0.002
line_0006,Ni V,1198.519,1198.606583552475,0.0035695836810078975,-0.3645383324502036,0.10404244623856526,1.1279579318240964,0.2278170885151139,1824.0222037672593,12.160148025115062,1.3666867720510032,33.26710125580075,0.20331307639997365,BLEND_SUSPECT;MULTI_MINIMA;SATURATED,2,3739,0.002
line_0007,Fe V,1198.5945,1198.6496401511836,0.0051308576080703865,-0.3721021475204892,0.1143880059108954,1.0464695449244243,0.020119916908960204,2179.1596878927126,14.527731252618084,1.0242213599089212,33.12025301812635,0.217693092973324,BLEND_SUSPECT;MULTI_MINIMA;SATURATED,2,4284,0.004
line_0008,Fe V,1200.1811,1200.2713913696164,0.005019127457058162,-0.7323266245032569,0.2713088010350358,1.0310672257792914,-0.011669801507991708,3118.666760636401,20.791111737576006,0.2692385852902805,68.0737666641159,0.2739596651915754,BLEND_SUSPECT;MULTI_MINIMA;POOR_FIT;SATURATED,2,3155,0.004
line_0009,Ni V,1202.034,1201.929914936773,0.0021886487095356764,-0.8727835198313313,0.13499216172190337,3.9014554335650593,-5.745708935674799,94784.69887750503,636.1389186409733,-0.8576837199930455,57.36565746525309,0.8360044837804708,BLEND_SUSPECT;MULTI_MINIMA;POOR_FIT;SATURATED,2,3605,0.005
line_0010,Ni V,1204.727,1204.7128181667438,0.0074704940944490435,-0.18342288908217363,0.17912558170574766,1.0333111872299927,-0.003098402325403774,832.1116111559925,5.54741074103995,0.5367210077514161,23.07408918276951,0.13837731086218566,BLEND_SUSPECT;MULTI_MINIMA;SATURATED,2,2833,0.002
line_0011,Fe V,1207.1183,1207.262023089131,0.01078241560772899,-0.1748124739741982,0.17606170139109528,1.0121892630060125,0.0018919102619918042,193.34614458095376,1.2976251314157972,-0.5792861739758829,18.23127922343015,0.10145127103757318,BLEND_SUSPECT;MULTI_MINIMA;SATURATED,2,2538,0.004
line_0012,Fe V,1208.2606,1208.4193455846207,0.00966694524779031,-0.09323300089551934,0.18104518591158547,1.0045069039605814,0.010259024133433648,105.46647724243235,0.7031098482828824,0.37597662769486523,9.658312811571104,0.16057524830257344,BLEND_SUSPECT;MULTI_MINIMA,2,2890,0.004
line_0013,Fe V,1214.713,1214.8151218942337,0.011220233644253728,-0.22904835307652305,0.19803434137150827,1.0283884798950345,0.006177424955278643,343.42597626558324,2.2895065084372215,-0.4865813711626447,19.101440743115674,0.1246289345835761,BLEND_SUSPECT;MULTI_MINIMA;SATURATED,2,3027,0.004
line_0014,Fe V,1217.9973,1218.1410664984526,0.007721458024136906,-0.2585601133640818,0.1627815804454769,1.0144513357968319,0.005620351756288657,428.5864023606422,2.8572426824042814,0.6417025069847121,24.623022729670787,0.12365176041428612,BLEND_SUSPECT;MULTI_MINIMA;SATURATED,2,3595,0.004
line_0015,Fe V,1224.4142,1224.4267065076185,0.008772890339603375,-0.19004082235501707,0.12970464872205764,1.0089032638581645,-0.0034467481394240924,256.7431317493912,1.7231082667744375,-0.7326568569903414,20.382840620150056,0.14215836412853863,BLEND_SUSPECT;MULTI_MINIMA;SATURATED,2,1613,0.004
line_0016,Fe V,1228.1263,1228.084566502642,0.01755488390249695,-0.2256941779872368,0.1765607086795017,1.3725956130205548,-0.708878805710452,1886.791374305321,12.578609162035473,-1.0019635009329042,24.862228765886233,0.2652631773041087,BLEND_SUSPECT;MULTI_MINIMA;SATURATED,2,2799,0.004
line_0017,Ni V,1233.324,1233.6004015222218,0.03702278899824544,-0.09245491412782769,0.15856755069563294,1.2855134949804332,0.5656873936759522,1696.633489654192,11.310889931027948,1.203870740687479,9.83206266350631,0.38415910948361465,BLEND_SUSPECT;MULTI_MINIMA,2,1995,0.013
line_0018,Ni V,1234.397,,,,,,,,,,,,FIT_FAILED,0,2256,0.002
line_0019,Ni V,1234.584,,,,,,,,,,,,FIT_FAILED,0,3628,0.002
line_0020,Fe V,1234.6455,1235.0079996154816,0.004730169251473852,-0.6682362959409422,0.13725183114484205,2.5988841116851997,2.6372362590459257,1617.4914618137768,10.783276412091846,1.543982500038685,39.815681984998974,0.12442699845911188,BLEND_SUSPECT;MULTI_MINIMA;SATURATED,2,2338,0.004
line_0021,Ni V,1235.838,1235.7220705129314,0.020728333852152215,-0.2670675242164887,0.1515661314279,1.6311548509879874,-1.2520508751129082,6083.812136423409,40.558747576156065,-1.1643298786503946,27.949335545838682,0.3063212326252007,BLEND_SUSPECT;MULTI_MINIMA;POOR_FIT;SATURATED,2,3429,0.002
line_0022,Ni V,1237.205,1237.210466269688,0.006740874000234029,-0.17640005161755312,0.17260437423802186,1.0188989775920176,-0.0036249915228673464,497.0161960487329,3.3134413069915527,0.5793158865767825,23.482663510146374,0.11157085632434773,BLEND_SUSPECT;MULTI_MINIMA;SATURATED,2,2590,0.002
line_0023,Ni V,1241.333,1241.6018813079145,0.04502083154443116,-0.10291647463098197,0.2831022068792534,1.0939004904195075,0.1172137422581176,690.4020849207906,4.602680566138604,-0.7315629013479121,11.82432282705169,0.19240956823388355,BLEND_SUSPECT;MULTI_MINIMA;SATURATED,2,2656,0.005
line_0024,Ni V,1241.64,1241.7732925311686,0.0076721587992034665,-0.09888036929687971,0.09788899376096674,0.9955578061098728,0.24416400952408687,796.4628662954511,5.309752441969675,-1.8123851592235254,11.21553827809239,0.16339632105898963,BLEND_SUSPECT;MULTI_MINIMA,2,3610,0.002
line_0025,Ni V,1241.988,,,,,,,,,,,,FIT_FAILED,0,2687,0.002
line_0026,Ni V,1243.504,1243.9904274463358,0.0002342031637790187,-13.766886835269114,0.03553542733321918,1.9453526461595534,2.180361304765617,356305.6715913629,2391.313232156798,0.1555717134859452,1642.7293385299777,0.9819527990345308,BLEND_SUSPECT;MULTI_MINIMA;POOR_FIT;SATURATED,2,2377,0.002
line_0027,Ni V,1244.026,1244.0810293550576,0.0003481895350885536,-3.578225805496006,0.10144320487078345,-0.13263161179818916,-4.468489705800974,647134.2581192912,4314.228387461941,-0.020954896535505113,3578225.8054960063,0.9945425636323272,BLEND_SUSPECT;MULTI_MINIMA;POOR_FIT;SATURATED,2,2597,0.005
line_0028,Ni V,1244.788,1244.8011419489133,0.0010089951080467668,-6.642911666887484,0.11556987118301695,-0.34503010392671013,3.1280708478073707,286802.89920272684,1924.8516725015224,0.03951000385186146,6642911.666887484,0.9880850732610662,BLEND_SUSPECT;MULTI_MINIMA;POOR_FIT;SATURATED,2,3512,0.004
line_0029,Ni V,1246.365,1246.3497164123999,0.032164273365506105,-0.04723515112168486,0.26286632455966413,1.5303119790677537,0.7466475306820836,243.85012442620118,1.6256674961746744,1.1587555606952427,6.190790537058464,0.18078521655066315,BLEND_SUSPECT;MULTI_MINIMA,2,3457,0.005
line_0030,Ni V,1246.549,1246.8293982905377,0.012171190780638781,-0.04393817304425007,0.1583440709998624,1.1005550313594874,-0.13281200104075294,302.5823324499453,2.017215549666302,-1.3800459058075951,6.173588619153555,0.19135279298067975,BLEND_SUSPECT;MULTI_MINIMA,2,2296,0.005
line_0031,Ni V,1247.612,1247.5285802273086,0.0073526891266455395,-0.1713949821393308,0.16522184162714446,1.5583079196514698,-1.092315613616626,4779.93899973318,31.8662599982212,-1.2167986120497793,22.617163384991393,0.28896932956457816,BLEND_SUSPECT;MULTI_MINIMA;POOR_FIT;SATURATED,2,2707,0.022
line_0032,Ni V,1249.532,1249.5037347293216,0.01074509452646249,-0.33529086501818517,0.18118344651978532,1.5839482351359617,-1.0991095224249479,6684.632319450599,44.564215463004,-0.9593262598152855,36.38107704841616,0.3137413778985357,BLEND_SUSPECT;MULTI_MINIMA;POOR_FIT;SATURATED,2,2831,0.002
line_0033,Fe V,1250.735,1250.4983335818522,0.0003176347636224548,-0.20261191065153805,0.01736953907458935,1.1902137741243848,-0.4618890572687161,6167.497953334722,41.11665302223148,-0.9084430003495548,26.49672720205169,0.39143927756423286,BLEND_SUSPECT;MULTI_MINIMA;POOR_FIT;SATURATED,2,2380,0.004
line_0034,Ni V,1251.835,1252.0299020052555,0.005874379514482446,-0.371610965184767,0.15138921728163351,1.3699454012941488,0.7195049114316509,4424.650281128796,29.497668540858644,1.8150090658168319,50.95385318554875,0.17730141790894668,BLEND_SUSPECT;MULTI_MINIMA;POOR_FIT;SATURATED,2,3583,0.002
line_0035,Ni V,1252.075,1252.084218795884,0.012499618705182045,-0.1599914112979044,0.26323661793829345,2.729647049865328,2.335547366001142,3132.8665142802365,20.885776761868243,1.724032468362345,21.884768210870046,0.1489377169824941,BLEND_SUSPECT;MULTI_MINIMA;POOR_FIT;SATURATED,2,2727,0.005
line_0036,Ni V,1252.281,1252.3090743303865,0.00431961220073644,-0.16039130713912664,0.31624908149118747,1.1859842566024308,-0.12725542793294073,3434.9434123722485,23.0533114924312,0.3559587400524731,21.989456976986443,0.20074852015022332,BLEND_SUSPECT;MULTI_MINIMA;POOR_FIT;SATURATED,2,3105,0.004
line_0037,Ni V,1253.663,1253.8553062220874,0.03160527547939193,-0.19381908136027703,0.45757498394327545,5.382074984546155,5.02876436107398,2562.1291184742263,17.080860789828176,-1.1792487240610452,24.07437839537685,0.07861786472801296,BLEND_SUSPECT;MULTI_MINIMA;SATURATED,2,3570,0.004
line_0038,Ni V,1254.197,1254.6335879702287,0.00022803962690575434,-13.660238923737023,0.043009121254905094,1.9604601914349797,2.6597142067968083,409434.85805345856,2729.5657203563906,0.3504774519866327,1751.9926421975165,0.9775551014248365,BLEND_SUSPECT;MULTI_MINIMA;POOR_FIT;SATURATED,2,4221,0.002
line_0039,Ni V,1254.866,1254.7856822133435,0.00022364804512477039,-8.274785643876362,0.15769797658499146,3.332899586474549,-4.695647000459375,948827.9229010333,6325.519486006889,-0.03783973895152493,1159.7049056197818,0.9922647195571853,BLEND_SUSPECT;MULTI_MINIMA;POOR_FIT;SATURATED,2,2171,0.005
line_0040,Ni V,1256.222,1256.3234541784052,0.002394551619008103,-0.5493515307127472,0.01608315457594649,2.047064064122549,-0.931854847904232,343.1039419117693,2.287359612745129,-1.5873367045395776,37.90570559507414,0.07597653154036632,BLEND_SUSPECT;MULTI_MINIMA;SATURATED,2,3042,0.004
line_0041,Ni V,1256.916,,,,,,,,,,,,FIT_FAILED,0,3531,0.002
line_0042,Ni V,1257.637,1257.7353489889215,0.00037500450191391875,-0.18941081439463225,0.01703034665528355,2.2878435642736394,-0.1970900808736986,382.1877661438964,2.547918440959309,1.5155889235541857,28.712146735171192,0.08239348472188973,BLEND_SUSPECT;MULTI_MINIMA;SATURATED,2,3765,0.004
line_0043,Ni V,1258.024,1258.1013484421705,0.003924662608372338,-0.19684609331924685,0.31558143196371247,1.0285053864293559,0.050815236183605686,774.7083159658965,5.16472210643931,-0.7204629390320016,31.004008453402474,0.19611778665504653,BLEND_SUSPECT;MULTI_MINIMA;SATURATED,2,3088,0.002
line_0044,Ni V,1259.592,1259.821415319741,0.030435664683946928,-0.162895323056923,0.22676898901523063,1.028625156554154,0.02309339365550688,1136.035275540356,7.624397822418497,-0.5194706310461541,22.696983635264935,0.16240218865023515,BLEND_SUSPECT;MULTI_MINIMA;SATURATED,2,3728,0.004
line_0045,Ni V,1259.727,1259.9351396509478,0.01669787120537939,-0.15800296463055163,0.16196515124761232,1.0533202323151354,-0.08235039864335905,1032.9160466326393,6.886106977550929,-1.3555552358225063,21.67262585359122,0.15465809193775773,BLEND_SUSPECT;MULTI_MINIMA;SATURATED,2,2197,0.004
line_0046,Ni V,1261.118,1261.2610732950789,0.015133953645188542,-0.7537419684558682,0.18226248998751102,2.814676553930053,-1.774510462393103,1091.8244483257004,7.278829655504669,-1.6534006507318364,54.41682873421417,0.10251837290403394,BLEND_SUSPECT;MULTI_MINIMA;SATURATED,2,3038,0.005
line_0047,Ni V,1261.341,,,,,,,,,,,,FIT_FAILED,0,3353,0.005
line_0048,Ni V,1261.437,,,,,,,,,,,,FIT_FAILED,0,3533,0.005
line_0049,Ni V,1261.758,,,,,,,,,,,,FIT_FAILED,0,3254,0.004
line_0050,Ni V,1262.739,1262.8703453172361,0.03123002887134065,-0.05052997292036232,0.1273395500902889,1.0022777960237417,-0.0028409802939964395,163.07796570532471,1.087186438035498,-0.8266347874202502,7.45231872797153,0.26847764292129855,BLEND_SUSPECT;MULTI_MINIMA,2,3915,0.005
line_0051,Ni V,1264.264,1264.7077304474915,0.0034856765817847402,-0.3697690611598792,0.21853782327600463,1.3609820904509264,0.6971922198257393,5046.5542573219045,33.643695048812695,1.6308650594472567,39.89447101493901,0.20492449816554617,BLEND_SUSPECT;MULTI_MINIMA;POOR_FIT;SATURATED,2,1955,0.005
line_0052,Ni V,1264.755,1264.8486629956658,0.001997207462658262,-0.30517423249964915,0.32712692785879754,1.179506562995393,-0.11831793608949695,3464.336476789409,23.095576511929394,0.2740089536049707,44.17952817555866,0.21202897200842816,BLEND_SUSPECT;MULTI_MINIMA;POOR_FIT;SATURATED,2,2678,0.005
line_0053,Ni V,1265.667,1265.7883349276083,0.0010243720806136715,-0.09026360507388853,0.05652954344567861,1.3808087587255984,0.497541397722949,4559.2995785008225,30.395330523338817,1.4407894829917403,17.04011867912566,0.37797786803594746,BLEND_SUSPECT;MULTI_MINIMA;POOR_FIT,2,3779,0.005
line_0054,Ni V,1265.876,,,,,,,,,,,,FIT_FAILED,0,3068,0.002
line_0055,Ni V,1266.403,1266.5094927904101,0.00037816673538975255,-0.1406748143680896,0.01654760004819698,1.5820965993722405,-0.15088039467688608,511.0047319452352,3.4066982129682346,-1.5925246245226385,26.236300090421707,0.11870974714222915,BLEND_SUSPECT;MULTI_MINIMA;SATURATED,2,3127,0.004
line_0056,Fe V,1266.5218,1266.5095560651316,0.00037834949847964584,-0.19503949939255127,0.016705668134985915,1.2384363814758104,-0.09947352159600364,490.29451567571755,3.268630104504784,-1.5955878907484184,34.13050468307072,0.11519340770213457,BLEND_SUSPECT;MULTI_MINIMA;SATURATED,2,3653,0.004
line_0057,Ni V,1268.182,,,,,,,,,,,,FIT_FAILED,0,1979,0.002
line_0058,Ni V,1268.883,1269.0249930967784,1.2865807397096063,-0.03481361359154256,1.193199877160676,1.210841686969046,-0.03583643190670162,308.0921991954839,2.0539479946365593,1.494662347912525,6.608966995487659,0.1720584714825014,BLEND_SUSPECT;MULTI_MINIMA,2,1935,0.002
line_0059,Ni V,1269.384,1269.4863146161958,0.002141852220819935,-0.03662217487940411,0.022385866382816623,0.6476740664761618,0.0347336241486872,253.3158368656541,1.6887722457710272,-0.3816722240794662,9.349193586391563,0.35387160513864657,BLEND_SUSPECT;MULTI_MINIMA,2,4191,0.005
line_0060,Fe V,1269.7855,1269.4877536464257,0.002240254719497027,-0.04643201745333314,0.024508388686465495,1.1768343273299662,0.3593056673535471,233.2107452151851,1.5547383014345675,-1.142771947228192,11.802190443640452,0.10830888711166313,BLEND_SUSPECT;EDGE;MULTI_MINIMA,2,3697,0.004
line_0061,Ni V,1270.205,,,,,,,,,,,,FIT_FAILED,0,3220,0.002
line_0062,Fe V,1270.4713,,,,,,,,,,,,FIT_FAILED,0,3444,0.004
line_0063,Ni V,1273.817,1273.9031628853772,0.0040589576464761514,-0.10091117464259314,0.18984214723674775,1.0331812180456605,0.05258560640314991,750.2755378874691,5.0018369192497945,-0.6789057279210029,15.396235871362064,0.21816169570411556,BLEND_SUSPECT;MULTI_MINIMA;SATURATED,2,4084,0.004
line_0064,Ni V,1274.263,1274.2996811316507,0.006963557407199129,-0.13760848645110535,0.10293444151432998,1.1286649196165655,-0.2574421117075586,760.3095441222314,5.068730294148209,-1.5266061471296306,19.43325316947402,0.2205270603699635,BLEND_SUSPECT;MULTI_MINIMA;SATURATED,2,2380,0.002
line_0065,Ni V,1276.431,,,,,,,,,,,,FIT_FAILED,0,3368,0.002
line_0066,Ni V,1276.632,1276.8907525083482,0.0036136529604142162,-0.46683248874273864,0.166218910020788,2.6487893027137646,2.6603523006470158,7027.167982071,46.84778654714,1.621321695701285,38.25220009632918,0.178933771980086,BLEND_SUSPECT;MULTI_MINIMA;POOR_FIT;SATURATED,2,4042,0.005
line_0067,Ni V,1278.872,1279.432949056461,0.0008951323785338435,-0.15171981685192382,0.016020945848358645,1.0148146782450524,0.028402982879751702,161.0442296838567,1.0808337562674948,1.540650874790253,16.81814792635343,0.29658866729349004,BLEND_SUSPECT;EDGE;MULTI_MINIMA;SATURATED,2,2862,0.004
line_0068,Fe V,1279.5917,1279.820124313553,0.0006635247197286667,-0.1556358711761926,0.01729062154089373,1.0267732914686236,-0.03493776269327217,969.4592865255462,6.463061910170308,-0.6094842036193386,17.85597519016374,0.5515808773065427,BLEND_SUSPECT;MULTI_MINIMA;SATURATED,2,2748,0.004
line_0069,Fe V,1280.4678,,,,,,,,,,,,FIT_FAILED,0,2373,0.004
line_0070,Fe V,1280.648,,,,,,,,,,,,FIT_FAILED,0,3705,0.004
line_0071,Fe V,1281.3672,1281.4989868937587,0.042953228373253535,-0.022290646727643804,0.5175034032267128,0.8664799626090126,-0.08793540226840435,315.50066347513325,2.1033377565008884,1.360516105207656,4.908338142176029,0.12626098304865824,BLEND_SUSPECT;MULTI_MINIMA,2,3640,0.004
line_0072,Fe V,1281.6471,1282.0189119119098,0.2160353834702667,-0.031801385999005505,1.193199999995706,1.507024505130778,0.17060932584753868,431.5393653023268,2.876929102015512,-1.3529279387352162,7.01729981578747,0.24426761962417035,BLEND_SUSPECT;MULTI_MINIMA,2,3128,0.004
line_0073,Fe V,1282.0587,1282.0008768369112,0.01645330183103122,-0.05698681455337917,0.2789105383665488,0.8686862768651854,0.2866031625962322,895.4382117347789,5.969588078231859,-1.3222615914345701,12.091391685842083,0.11373858653770315,BLEND_SUSPECT;MULTI_MINIMA,2,3055,0.004
line_0074,Ni V,1283.186,,,,,,,,,,,,FIT_FAILED,0,2667,0.005
line_0075,Fe V,1284.108,1284.2286714092847,0.0066986824158181335,-0.09771527256264201,0.07310473046997176,1.0240336772317755,0.0234259482672679,531.2703573395463,3.5655728680506464,1.7327038362366391,11.433077544552528,0.24591366532806544,BLEND_SUSPECT;MULTI_MINIMA,2,2596,0.004
line_0076,Ni V,1284.475,1284.6633323580652,0.02343094991476936,-0.0824683205275284,0.24702270883254765,1.3207028460147074,-0.46912140728874935,590.9001802777912,3.9393345351852744,-0.18918013061159872,11.310897851770187,0.271212865903674,BLEND_SUSPECT;MULTI_MINIMA,2,2751,0.005
line_0077,Fe V,1285.915,1285.4757402910118,486531988.8698493,-0.31040053769673537,1.0518915827534947,2.0134867731701642,-1.9148140162572131,10188.482441653057,67.92321627768705,-0.9615879629556382,34.86338862957456,0.3742973569252692,BLEND_SUSPECT;EDGE;MULTI_MINIMA;POOR_FIT;SATURATED,2,3386,0.004
line_0078,Ni V,1287.571,,,,,,,,,,,,FIT_FAILED,0,5009,0.002
line_0079,Ni V,1287.807,1287.9170701448768,0.0026974485062608118,-0.08373925545480976,0.01420439929509903,1.7360229749041134,-0.5094255593032364,643.0082401855909,4.286721601237272,1.6178604979874103,15.735275430728459,0.08116695132493759,BLEND_SUSPECT;MULTI_MINIMA,2,2642,0.005
line_0080,Fe V,1288.1681,1287.998404671287,1.690106140675767,-0.03231512793314362,0.43268449742835474,1.130773166368649,0.24885256494059893,592.6533995826788,3.9510226638845256,1.8751626459866848,6.840016343104283,0.18082230718980438,BLEND_SUSPECT;MULTI_MINIMA,2,2387,0.004
line_0081,Fe V,1288.7231,,,,,,,,,,,,FIT_FAILED,0,3436,0.004
line_0082,Fe V,1289.5369,,,,,,,,,,,,FIT_FAILED,0,2798,0.004
line_0083,Ni V,1290.397,,,,,,,,,,,,FIT_FAILED,0,2290,0.002
line_0084,Fe V,1291.1881,1291.4041300760857,0.01897251707028764,-0.0642314781085469,0.18218973568597863,1.0198126729069819,0.018298899331406635,684.6823403087328,4.564548935391552,-1.5384519567715702,9.434597450254744,0.14380958734628083,BLEND_SUSPECT;MULTI_MINIMA,2,2472,0.004
line_0085,Fe V,1293.127,1293.0706028961156,0.005798371279201988,-0.09499562026583819,0.14548311012474274,1.009151300932262,-0.010334501804940058,853.8164964927385,5.692109976618256,0.6541409485001493,16.091538385326068,0.1671065904272869,BLEND_SUSPECT;MULTI_MINIMA,2,2635,0.004
line_0086,Fe V,1293.3059,1293.4188687996495,0.008937653324333843,-0.08638052116121597,0.15832335345046017,1.0600845518213502,-0.11776133467303788,666.671585003068,4.444477233353787,-1.4303840089019646,14.632205865074393,0.14357596447131096,BLEND_SUSPECT;MULTI_MINIMA,2,2665,0.004
line_0087,Fe V,1297.5453,1297.3275110672528,0.008546314684928178,-0.43760570515336805,0.11963512236643586,1.7311349188218463,-1.4951479453831578,8631.556571890056,57.54371047926704,-1.2166255378410828,54.82887003770346,0.20390501522123392,BLEND_SUSPECT;MULTI_MINIMA;POOR_FIT;SATURATED,2,1691,0.004
line_0088,Ni V,1298.732,1298.9974271610042,0.01370015662817623,-0.11109566654923064,0.16020670346526583,1.3648807347901661,0.6982199094830058,1671.0631258174626,11.140420838783085,1.2414572943706885,12.510853987173302,0.2955611416515268,BLEND_SUSPECT;MULTI_MINIMA;SATURATED,2,3419,0.002
line_0089,Fe V,1300.6095,1300.4554116784202,0.00666417955158507,-0.7417916160658744,0.14820164942661443,2.7350181251950283,-2.6865281762766005,4757.2672780507155,31.71511518700477,-1.628812448129053,60.343467764493184,0.13375032126930933,BLEND_SUSPECT;MULTI_MINIMA;POOR_FIT;SATURATED,2,1776,0.004
line_0090,Fe V,1300.845,,,,,,,,,,,,FIT_FAILED,0,3149,0.004
line_0091,Ni V,1300.981,1301.143058058598,0.0038814511420729196,-0.7283445480484718,0.18446790029004131,3.5290910130031263,2.871290013773801,4859.348894370977,32.39565929580652,1.7820747755103339,65.4602930308981,0.11780916504579378,BLEND_SUSPECT;MULTI_MINIMA;POOR_FIT;SATURATED,2,3504,0.002
line_0092,Fe V,1303.0834,1303.2723010843479,0.007804242917215628,-0.09471839290877326,0.3905773844828205,1.0152963887188666,-0.15088305903620497,1075.6243123079848,7.218955116160972,1.2797592208481527,14.008034187317433,0.18282849301778953,BLEND_SUSPECT;MULTI_MINIMA,2,2290,0.004
line_0093,Fe V,1303.4853,1303.6662346029605,0.012093044438486767,-0.05762041343939195,0.2328290321589215,1.5230378542237195,-0.7361322271624475,833.2010023746855,5.5546733491645695,-1.6296768835268465,8.519594594959148,0.13889622273548757,BLEND_SUSPECT;MULTI_MINIMA,2,2375,0.004
line_0094,Fe V,1304.814,1304.7675888936265,0.015902607778518048,-0.08409352956146354,0.16257631334740366,1.3733708230421122,-0.7296795574521241,5001.161417088078,33.34107611392052,-1.2401738168840266,10.993033273257948,0.45860667218957707,BLEND_SUSPECT;MULTI_MINIMA;POOR_FIT,2,2979,0.004
line_0095,Fe V,1305.9674,1306.256966622468,0.004484770252974867,-0.33717083781852464,0.13364054384947366,1.9882963983265651,1.9582228491571008,18597.191781816713,123.98127854544475,1.1963968982226778,37.383808313934814,0.30037545335496774,BLEND_SUSPECT;MULTI_MINIMA;POOR_FIT;SATURATED,2,3143,0.004
line_0096,Fe V,1306.0803,1306.2729148113197,0.004247054291151617,-0.26319143436457737,0.17320991917580625,2.768875769803856,3.199209140356654,8574.54915722564,57.16366104817093,1.4258930779273418,28.71344495987047,0.22197573181718813,BLEND_SUSPECT;MULTI_MINIMA;POOR_FIT;SATURATED,2,2541,0.004
line_0097,Fe V,1307.219,1307.6631020717505,0.1280316995857173,-0.14108965919071792,0.19052592671910926,1.096728540488634,0.177094159183203,2606.1838142282904,17.374558761521936,1.6629189480333157,16.07685800077071,0.4343372999870502,BLEND_SUSPECT;MULTI_MINIMA;SATURATED,2,2862,0.004
line_0098,Fe V,1307.4242,1307.6566355162265,0.012528946906493388,-0.10595857821766796,0.14933648493334242,1.5653163184544996,0.6110587428287587,2603.785776391618,17.358571842610786,1.0704394963460038,12.497685601849046,0.44176409415319784,BLEND_SUSPECT;MULTI_MINIMA;SATURATED,2,2311,0.004
line_0099,Ni V,1307.599,1307.6874786323829,0.004465292500705973,-0.10888883583256659,0.18977695586031293,1.015964929728596,-0.020436784802869267,2555.0160800062854,17.033440533375234,0.387000703805807,12.843305928390203,0.4656046777711998,BLEND_SUSPECT;MULTI_MINIMA;SATURATED,2,1384,0.002
line_0100,Fe V,1310.751,1311.2159550778604,0.0005614980786744724,-0.22654129227333653,0.015108277905522832,1.1912721822647974,0.08912406552190193,413.7491279074371,2.776839784613672,1.4931056359481771,30.44357942689752,0.11446498640318775,BLEND_SUSPECT;MULTI_MINIMA;SATURATED,2,3286,0.004
line_0101,Fe V,1311.2378,1311.2891582556804,0.01313336371981942,-0.13229911095401192,0.3487641602401869,0.8251841746348033,-0.10429653375718506,748.3858024603512,5.02272350644531,0.9867907104851628,19.747372688643843,0.31055244107001606,BLEND_SUSPECT;MULTI_MINIMA;SATURATED,2,2389,0.004
line_0102,Ni V,1311.557,1311.3481511788607,0.0014917094432563174,-0.04643836353361608,0.010499876504719586,1.526720266729903,0.6256854346295708,2712.9043983303527,18.207412069331227,-0.7277667215812863,6.952615498110281,0.48844373902623184,BLEND_SUSPECT;MULTI_MINIMA,2,3747,0.002
line_0103,Fe V,1311.829,1311.964332233963,0.003555077627038999,-0.0467442297675158,0.16717693279866347,0.8689425620210053,0.26644867350605694,1042.8853502671657,6.952569001781105,-1.6739867025453352,6.85568323936734,0.17540475608842082,BLEND_SUSPECT;MULTI_MINIMA,2,1616,0.004
line_0104,Ni V,1313.306,,,,,,,,,,,,FIT_FAILED,0,2056,0.002
line_0105,Fe V,1313.5851,,,,,,,,,,,,FIT_FAILED,0,2507,0.004
line_0106,Fe V,1314.5256,1314.0297637950057,185.1564632991497,-0.3493316407908772,0.3725614142241274,2.0022348474413056,-1.9101523251421002,10497.583122459379,69.98388748306252,-0.901011259888723,37.35041406354406,0.3837488243167083,BLEND_SUSPECT;EDGE;MULTI_MINIMA;POOR_FIT;SATURATED,2,2920,0.004
line_0107,Ni V,1315.668,1315.5886304500857,0.026233289412370228,-0.13244385628143784,0.15303432964057476,1.3766884048277166,-0.7453449834022293,1348.4028522032822,9.049683571834109,-1.204764697728138,13.90889272271087,0.2889771860185557,BLEND_SUSPECT;MULTI_MINIMA;SATURATED,2,3216,0.002
line_0108,Ni V,1317.445,1317.5528034317401,0.0029002475327300856,-0.06840956175675394,0.2438020354739941,1.0466865504759295,0.029400105678440983,3106.9047142639824,20.712698095093216,0.6984512174373477,11.409293221525369,0.31000743860717656,BLEND_SUSPECT;MULTI_MINIMA;POOR_FIT,2,3366,0.002
line_0109,Ni V,1318.151,1317.9559168365877,0.006297005557633977,-0.24742648849711057,0.13046518551748604,1.070091061478116,0.2405270363698592,6834.495182930122,45.56330121953415,-1.6218632914375395,35.23462199141034,0.35535532552057947,BLEND_SUSPECT;MULTI_MINIMA;POOR_FIT;SATURATED,2,2903,0.002
line_0110,Ni V,1318.511,,,,,,,,,,,,FIT_FAILED,0,2643,0.002
line_0111,Ni V,1319.752,,,,,,,,,,,,FIT_FAILED,0,2949,0.005
line_0112,Fe V,1320.4116,1320.5210432203146,0.004299958480126354,-0.026766897075137575,0.28831013486578955,0.7781620714113057,0.21342850274396163,2747.6267148173542,18.317511432115694,-1.4021257180943354,4.554837887916107,0.2676187995912751,BLEND_SUSPECT;MULTI_MINIMA,2,2419,0.004
line_0113,Ni V,1320.715,1320.7741533138094,0.006288726264739497,-0.23060634225268728,0.3092932740248309,0.8692989761548091,0.38929123751116557,1244.9433719977628,8.299622479985086,-1.6010967667647797,33.939675610904146,0.11834618532550477,BLEND_SUSPECT;MULTI_MINIMA;SATURATED,2,2378,0.002
line_0114,Ni V,1320.901,1320.831892565683,0.0035618130505202053,-0.3349656991719312,0.15689402146909245,0.8862141881173926,0.43394597825394804,3779.849969925939,25.19899979950626,-1.6752995174918492,48.06974936656241,0.20448027451377915,BLEND_SUSPECT;MULTI_MINIMA;POOR_FIT;SATURATED,2,2650,0.005
line_0115,Ni V,1321.251,,,,,,,,,,,,FIT_FAILED,0,2976,0.005
line_0116,Fe V,1321.3424,,,,,,,,,,,,FIT_FAILED,0,2588,0.004
line_0117,Fe V,1321.4905,,,,,,,,,,,,FIT_FAILED,0,2559,0.004
line_0118,Fe V,1321.8507,1321.5974709731063,0.0003842597045941341,-0.2279103972166837,0.016120638641545264,1.3344714331510403,-0.6701979655954522,3235.9707062343296,21.573138041562196,-0.7705042509375128,28.646720127481863,0.2584561746272691,BLEND_SUSPECT;MULTI_MINIMA;POOR_FIT;SATURATED,2,2296,0.004
line_0119,Fe V,1323.0938,1323.1476346624788,0.0035812474806773864,-0.20935957690699847,0.19269689800840342,3.3570132186217294,-3.8699588167361894,14796.99006358402,98.64660042389347,-1.4865458917707817,21.855551789942805,0.32496287829142784,BLEND_SUSPECT;MULTI_MINIMA;POOR_FIT;SATURATED,2,3435,0.004
line_0120,Fe V,1323.2693,1323.8588615745869,0.0032443677720975397,-0.28004847844472847,0.15979399887728943,4.105372108584879,-2.5287545036030545,8766.553863601654,58.443692424011026,0.7459536247260192,29.23493691937646,0.2754950522053622,BLEND_SUSPECT;EDGE;MULTI_MINIMA;POOR_FIT;SATURATED,2,2831,0.004
line_0121,Ni V,1325.094,1325.0904970558909,0.013672514308662871,-0.0538907556975069,0.21961638722309057,1.0729359317047626,0.1244004786756757,185.84409241192714,1.2389606160795141,-1.5641480564284183,6.2906457347311155,0.1693213998378948,BLEND_SUSPECT;MULTI_MINIMA,2,2439,0.008
line_0122,Fe V,1325.7838,1326.4477296020084,0.1748981139642255,-0.10110933549644352,0.17569131962998238,1.2634093675874138,0.3307706580531442,539.2306490386554,3.5948709935910363,1.713404139210943,13.449593825635963,0.2896738277037799,BLEND_SUSPECT;EDGE;MULTI_MINIMA;SATURATED,2,2978,0.004
line_0123,Fe V,1327.1006,1326.7859830321559,0.009269162434052203,-0.024388238748376367,0.08097683970430615,1.104948748312782,0.16659527057778156,232.26100037649968,1.5484066691766645,-1.1500137177709087,2.626509599750297,0.45941494276874106,BLEND_SUSPECT;EDGE;MULTI_MINIMA,2,3006,0.004
line_0124,Fe V,1329.0215,1329.1507043540119,0.009491629963421644,-0.13537764384471418,0.21993148909108803,1.019961391126068,-0.00028099847968523643,1124.8351314871397,7.498900876580931,-0.3071823200143527,16.959545628061807,0.20857963189946177,BLEND_SUSPECT;MULTI_MINIMA;SATURATED,2,2410,0.004
line_0125,Fe V,1331.186,1331.4220180018574,0.00848859738574966,-0.32007446167173004,0.12917250008396083,1.3305865080889088,0.6540998100830959,1446.5924974461268,9.708674479504207,1.7324203071412818,30.874316574806972,0.1775767344733541,BLEND_SUSPECT;MULTI_MINIMA;SATURATED,2,3763,0.007
line_0126,Fe V,1331.639,1331.830088125955,0.021118272696272707,-0.20990984517190747,0.26083392710779524,1.7046715016567635,-0.9447949957467933,1196.6592488021797,7.977728325347865,0.4024104869646877,20.37676263166619,0.16351019385083085,BLEND_SUSPECT;MULTI_MINIMA;SATURATED,2,2311,0.004
line_0127,Fe V,1332.9697,1333.1177646095987,0.0006574769067589633,-3.040995597363321,0.19621855603010832,4.471555549582119,-5.864285421003102,293036.0711606887,1953.5738077379247,0.1078046921396438,273.1559609238648,0.9942447236980975,BLEND_SUSPECT;MULTI_MINIMA;POOR_FIT;SATURATED,2,1250,0.004
line_0128,Ni V,1333.964,1334.0988166447912,0.006783407619473649,-0.2526941873910459,0.1462414462455884,1.0188982344590527,0.017105723200580406,498.6710894943154,3.3244739299621027,0.7249741025935674,25.00629948285914,0.1461062416085727,BLEND_SUSPECT;MULTI_MINIMA;SATURATED,2,3464,0.002
line_0129,Fe V,1336.0377,1335.9583978978771,0.001448113421299795,-2.0413517935754504,0.2379144610449179,2.2699149860554866,-2.4445511839364493,169906.95539470445,1132.7130359646962,-0.2137157933826543,156.38495810257555,0.9924282571394009,BLEND_SUSPECT;MULTI_MINIMA;POOR_FIT;SATURATED,2,3442,0.004
line_0130,Ni V,1336.16,1336.181485986541,0.000411498226736669,-3.261793342977543,0.06151107236071009,1.34365789543141,-0.8744364451100421,113187.73234504854,754.5848823003236,-0.3142226761155207,249.88118994784588,0.9878221140935677,BLEND_SUSPECT;MULTI_MINIMA;POOR_FIT;SATURATED,2,2944,0.002
line_0131,Fe V,1337.2869,1337.2123494660527,0.01393877191117162,-0.14867098886890084,0.15511346030888834,1.6590625509769759,-1.2856464843876327,2095.641382118808,13.97094254745872,-1.2771501212512013,10.424854462511295,0.2965022162141197,BLEND_SUSPECT;MULTI_MINIMA;SATURATED,2,2724,0.004
line_0132,Fe V,1338.8076,1339.0728457106188,0.0003797943428395981,-6.643870644305858,0.06864698935864205,2.1916647417141877,2.43196914529341,184148.9297265857,1227.6595315105712,0.0339666596325376,629.2549274389787,0.9907692897005868,BLEND_SUSPECT;MULTI_MINIMA;POOR_FIT;SATURATED,2,2389,0.004
line_0133,Ni V,1339.065,1339.1725364428312,0.0006243382414044124,-2.0068289372226844,0.14024757946297747,0.2605703823345479,-2.5494175890401816,292556.9917063718,1950.379944709145,-0.050454128996367004,2006828.9372226845,0.9968225874941709,BLEND_SUSPECT;MULTI_MINIMA;POOR_FIT;SATURATED,2,3308,0.01
line_0134,Fe V,1339.69,,,,,,,,,,,,FIT_FAILED,0,3128,0.004
line_0135,Ni V,1340.353,,,,,,,,,,,,FIT_FAILED,0,3092,0.002
line_0136,Ni V,1341.068,1341.196131276696,0.000556259740105954,-4.299471695422951,0.05070404590290901,0.25610744865388696,1.8964035537118777,130230.66741999093,868.2044494666062,0.06725587523821168,4299471.695422951,0.9949810337666374,BLEND_SUSPECT;MULTI_MINIMA;POOR_FIT;SATURATED,2,3093,0.002
line_0137,Ni V,1342.18,1342.1936440170387,0.0030727010646397885,-52.421182508982234,0.024381804178608125,1.1999234113781747,-0.0678756582182335,301825.00388832606,2012.1666925888403,-0.10643971090139208,3599.0552977696516,0.9626750082640342,BLEND_SUSPECT;MULTI_MINIMA;POOR_FIT;SATURATED,2,3283,0.002
line_0138,Ni V,1343.896,1344.0714616389669,0.0004143010663559942,-7.137232261983703,0.06096109602828958,1.110275359036119,0.048727965608021104,159753.0232518968,1065.0201550126453,-0.04108998509812194,486.4008595102475,0.9854843253822436,BLEND_SUSPECT;MULTI_MINIMA;POOR_FIT;SATURATED,2,3758,0.002
line_0139,Fe V,1350.5374,,,,,,,,,,,,FIT_FAILED,0,3306,0.004
line_0140,Fe V,1350.6724,,,,,,,,,,,,FIT_FAILED,0,3254,0.004
line_0141,Fe V,1350.9483,1351.5213243717228,0.0015318202488934201,-0.07322709358198026,0.021982993382415068,1.7194539287878767,-0.7130347573712286,505.8052479326253,3.372034986217502,0.9645957898341625,17.18804529072903,0.11870048035902872,BLEND_SUSPECT;EDGE;MULTI_MINIMA,2,2998,0.004
line_0142,Ni V,1351.414,1351.1637204270846,1.458013913769879,-0.02536551097785067,0.48642837087339635,1.4614387122145986,0.7039216044641868,597.9476867967118,3.9863179119780785,0.19738360462161836,6.235525041034104,0.14406162226822775,BLEND_SUSPECT;MULTI_MINIMA,2,2187,0.002
line_0143,Fe V,1351.7563,1351.6930290823361,0.03205352166299277,-0.056037339684530174,0.29495602749195,0.7813875783845273,0.5503784382335367,1464.548258788985,9.763655058593233,-1.1671275809443449,13.21720266653814,0.13086508088507373,BLEND_SUSPECT;MULTI_MINIMA,2,3437,0.004
line_0144,Fe V,1355.6223,1355.8566102995617,0.02618780937708988,-0.06358331106120069,0.2994914099048046,0.7402207173791064,-0.6336499874833585,1649.8936124856718,10.999290749904478,1.2337156407745284,15.843487486867744,0.12367419620250734,BLEND_SUSPECT;MULTI_MINIMA,2,2385,0.004
line_0145,Fe V,1356.2369,1356.7303094539293,0.0806302039856102,-0.043595816558046896,0.22485793029926288,8.167187268625469,4.967405139058656,862.5444145442232,5.750296096961488,-2.3686845705861934,11.093681117490165,0.095508920216347,BLEND_SUSPECT;MULTI_MINIMA,2,3434,0.004
line_0146,Fe V,1357.1121,1357.2458523327434,0.0006565389519573518,-1.9156857868705504,0.10727210469105013,3.910228432392859,5.8214421869543775,81019.22334090278,540.1281556060186,0.20823674211051138,1915685.7868705504,0.9962279282282421,BLEND_SUSPECT;MULTI_MINIMA;POOR_FIT;SATURATED,2,3107,0.004
line_0147,Fe V,1357.676,,,,,,,,,,,,FIT_FAILED,0,2170,0.004
line_0148,Fe V,1357.8549,,,,,,,,,,,,FIT_FAILED,0,3657,0.004
line_0149,Fe V,1358.384,,,,,,,,,,,,FIT_FAILED,0,2416,0.004
line_0150,Fe V,1358.5646,1359.0207580837016,0.0010104616526370636,-4.490318186308717,0.08012457373589046,-1.3324305640024752,-0.6720622437899908,120065.51920914961,800.436794727664,-0.1712210360881078,4490318.186308717,0.9953348770049321,BLEND_SUSPECT;MULTI_MINIMA;POOR_FIT;SATURATED,2,3201,0.004
line_0151,Fe V,1359.006,1359.0089137591012,0.0006222447160427504,-4.28374687494837,0.10165828777607565,4.520650227640685,-5.905091638652094,87274.97384381745,581.833158958783,-0.20243959981901383,4283746.874948369,0.9841914165341581,BLEND_SUSPECT;MULTI_MINIMA;POOR_FIT;SATURATED,2,3043,0.004
line_0152,Fe V,1359.4034,1359.0907848088484,0.0005421420942622743,-13.324503896535441,0.032764891572973805,1.8358118941629544,-1.8730031364641673,75064.35246520603,500.42901643470685,-0.4015278218755187,872.3079838333018,0.971867134411425,BLEND_SUSPECT;EDGE;MULTI_MINIMA;POOR_FIT;SATURATED,2,3290,0.004
line_0153,Fe V,1361.444,1361.3360204966991,0.002856068054871751,-0.331404704247674,0.1622520737260959,1.9720515013572297,1.4301687058890793,2925.4042078826496,19.502694719217665,-0.19455871979725256,28.366019877521396,0.15127799576371057,BLEND_SUSPECT;MULTI_MINIMA;SATURATED,2,2521,0.004
line_0154,Fe V,1361.828,,,,,,,,,,,,FIT_FAILED,0,3100,0.007
line_0155,Fe V,1362.8639,1363.1028120054918,0.020380175203945475,-0.07839967875748088,0.2344943626991822,0.7509558523975163,-0.5213000395490892,2002.2423815093882,13.348282543395921,1.3416753842452163,11.63458873908221,0.12640047131498425,BLEND_SUSPECT;MULTI_MINIMA,2,2361,0.004
line_0156,Fe V,1363.0758,1363.3548485403683,0.2163538603950901,-0.02603464147645984,0.36850367050060234,1.7920517147895592,-1.6844436789530184,2008.5429272700148,13.390286181800098,0.8902845822536745,4.283773869110951,0.1683428360642507,BLEND_SUSPECT;MULTI_MINIMA,2,3504,0.004
line_0157,Fe V,1363.6431,,,,,,,,,,,,FIT_FAILED,0,3206,0.004
line_0158,Fe V,1364.8201,,,,,,,,,,,,FIT_FAILED,0,2960,0.004
line_0159,Fe V,1365.1143,,,,,,,,,,,,FIT_FAILED,0,2613,0.004
line_0160,Fe V,1365.5742,1366.2791999999997,579.7618503736535,-1.1095325634880737,0.39674501361810005,4.274379033892023,4.416084266672893,3062.289126361922,20.415260842412813,1.4201184512774678,39.7615496121055,0.19911218401364228,BLEND_SUSPECT;EDGE;MULTI_MINIMA;POOR_FIT;SATURATED,2,4562,0.004
line_0161,Fe V,1370.3038,1370.3648542871238,0.00728746554086892,-0.23712108789793174,0.18602132878875438,0.9701092013346194,-0.10526216825468868,2082.106950364376,13.880713002429175,0.6749417500091061,21.032361458412268,0.2670130479654174,BLEND_SUSPECT;MULTI_MINIMA;SATURATED,2,1606,0.004
line_0162,Fe V,1371.2188,,,,,,,,,,,,FIT_FAILED,0,2272,0.004
line_0163,Fe V,1371.9858,1371.8674506225739,0.8179689109311497,-0.025294042475723977,0.3841923624692275,0.723019101603804,0.310361160962332,476.3444509894629,3.175629673263086,-0.5321768149395487,4.706895365057167,0.24808420041622373,BLEND_SUSPECT;MULTI_MINIMA,2,2311,0.004
line_0164,Fe V,1372.6536,,,,,,,,,,,,FIT_FAILED,0,2112,0.004
line_0165,Fe V,1373.5868,,,,,,,,,,,,FIT_FAILED,0,2869,0.004
line_0166,Fe V,1373.677,1373.7275594157338,0.0008462556017223715,-0.09554486861102574,0.07257155633958101,1.8455505154596805,0.833741211697839,3851.889697970566,25.679264653137107,1.693882427051604,13.809188295093598,0.14547076573829157,BLEND_SUSPECT;MULTI_MINIMA;POOR_FIT,2,4068,0.007
line_0167,Fe V,1373.9646,1373.7301845011546,0.0008145127615077574,-0.09614733534702857,0.07213914927826606,4.498350703707713,2.498419305886605,4122.446387301626,27.48297591534417,1.0184760534000017,13.896263370081284,0.2240447646881466,BLEND_SUSPECT;MULTI_MINIMA;POOR_FIT,2,2065,0.004
line_0168,Fe V,1374.118,1374.0882637513685,0.04905682780035356,-0.10578408361168645,0.615607181858119,2.339330908632427,-0.44581893453111354,4832.9521005078395,32.21968067005226,-0.7609535944145249,15.28907151638628,0.24857003533701416,BLEND_SUSPECT;MULTI_MINIMA;POOR_FIT;SATURATED,2,2569,0.004
line_0169,Fe V,1375.7851,,,,,,,,,,,,FIT_FAILED,0,3100,0.004
line_0170,Fe V,1376.3367,1376.0278732431764,0.006618584674830903,-0.026980341832681276,0.12136368313030199,3.5604533866105323,2.9947677315001173,4011.6858992930493,26.74457266195366,-0.6105404502090144,7.264677727348065,0.13068372437383535,BLEND_SUSPECT;EDGE;MULTI_MINIMA;POOR_FIT,2,2442,0.004
line_0171,Fe V,1376.4511,1376.6615241033826,0.019672967905934192,-0.024554569072970156,0.28440476680243587,1.2465955464752858,0.03687337598644975,5161.514824286198,34.410098828574654,-1.6550172448941975,6.184236611924367,0.1561872304700154,BLEND_SUSPECT;MULTI_MINIMA;POOR_FIT,2,3575,0.004
line_0172,Fe V,1378.562,1378.668907236951,0.0005293176199622041,-0.3143391475402706,0.019476273847910598,3.502707507311966,2.4325932951456384,564.6576163800084,3.7643841092000563,-1.405803273221095,24.130723192717596,0.09730394178572231,BLEND_SUSPECT;MULTI_MINIMA;SATURATED,2,3217,0.004
line_0173,Fe V,1379.2046,,,,,,,,,,,,FIT_FAILED,0,1763,0.004
line_0174,Fe V,1380.114,1379.9008769310085,0.10897140542902109,-0.109380692797441,0.44039232388750793,1.6917112134812002,-1.083126420905484,1185.7822358800101,7.9052149058667345,0.35324074092379854,6.935421253868439,0.5475760880942396,BLEND_SUSPECT;MULTI_MINIMA;SATURATED,2,3200,0.004
line_0175,Fe V,1382.5606,1382.4868238791742,0.01233228720599487,-0.2198380122191098,0.14776727593137448,1.6754073453938054,-1.3603504017818218,2004.3591238635784,13.362394159090522,-1.1992116577401697,17.018142015646948,0.27037543945544873,BLEND_SUSPECT;MULTI_MINIMA;SATURATED,2,2955,0.004
line_0176,Fe V,1384.0585,,,,,,,,,,,,FIT_FAILED,0,2887,0.004
line_0177,Fe V,1384.2003,1384.7905959738653,0.0004548848097061687,-8.827526641773229,0.02063587179292869,0.8486403555267734,0.5273130161111362,89482.76064213473,596.5517376142316,0.33558789583838156,786.2976195982554,0.9686948708537878,BLEND_SUSPECT;EDGE;MULTI_MINIMA;POOR_FIT;SATURATED,2,2835,0.004
line_0178,Fe V,1384.6837,1384.8802371106267,0.0005572953012734337,-1.9796558318871416,0.09351686482686646,2.1861614883163965,2.876261646145079,97014.2554548926,646.7617030326173,0.04885526547641049,1979655.8318871416,0.9909621598454255,BLEND_SUSPECT;MULTI_MINIMA;POOR_FIT;SATURATED,2,3081,0.004
line_0179,Fe V,1385.312,1385.580276319294,0.0008373394170203356,-1.4588690968494893,0.1396931845003026,0.09543255686980041,4.169592860205281,85474.36657987318,569.8291105324879,-0.3662734575891844,1458869.0968494893,0.9747231312666614,BLEND_SUSPECT;MULTI_MINIMA;POOR_FIT;SATURATED,2,3108,0.004
line_0180,Fe V,1386.467,1386.7613695705923,0.01661674260958665,-0.1132042500832483,0.15584970648575217,1.4803804662515874,0.9417948490135277,992.2632043299536,6.615088028866357,1.283895789983427,8.024190266335518,0.27486530996959624,BLEND_SUSPECT;MULTI_MINIMA;SATURATED,2,2105,0.004
line_0181,Fe V,1388.0401,1388.2441128243188,0.006723070565836645,-0.145381048610287,0.33835822921831743,0.8499756387791424,-0.3875658320667286,1026.9366481909676,6.846244321273118,1.3452370137581795,16.36129244181908,0.1374703730758333,BLEND_SUSPECT;MULTI_MINIMA;SATURATED,2,3359,0.004
line_0182,Fe V,1388.1938,1388.046449672834,0.0005064555849366693,-0.12259094327567877,0.021072140713475757,2.967608205984959,-1.4062759071179316,692.0450576370213,4.613633717580142,1.7794630552541302,14.61903390549339,0.1281618292930267,BLEND_SUSPECT;MULTI_MINIMA;SATURATED,2,3543,0.004
line_0183,Fe V,1388.3235,1388.121231724914,0.09039924206876783,-0.12316928930523574,0.7006318313576964,1.229688271569622,-0.5387523148678355,650.5520783287709,4.337013855525139,1.5149268915707794,14.916982359043573,0.1939472747331913,BLEND_SUSPECT;MULTI_MINIMA;SATURATED,2,3033,0.004
line_0184,Fe V,1389.0048,1389.182412024288,0.01204207102826702,-0.053523097167577416,0.21737778683264908,1.2572223186407299,-0.32197142894803504,595.6180569997598,3.970787046665065,-1.741295972952433,6.018896573265499,0.11128794412966929,BLEND_SUSPECT;MULTI_MINIMA,2,2922,0.004
line_0185,Fe V,1390.7138,,,,,,,,,,,,FIT_FAILED,0,2769,0.004
line_0186,Ni V,1390.917,1391.0662697717735,0.044455719077098346,-0.05247040134458447,0.190483762991731,1.3507985836752376,0.5403477003461145,259.4970812277909,1.7299805415186058,1.5609090807702097,3.744316196435753,0.4034253580546431,BLEND_SUSPECT;MULTI_MINIMA,2,3877,0.006
line_0187,Fe V,1390.969,1391.104396759334,0.051185390907357284,-0.04284983208975035,0.1970578699191267,1.3108791226378451,0.40150559508279743,255.88444568926798,1.7058963045951199,1.6103809335241355,3.188875846462873,0.3960909231576,BLEND_SUSPECT;MULTI_MINIMA,2,2657,0.004
line_0188,Fe V,1392.2725,1392.5209303668826,0.02027327387199457,-0.06641608566898649,0.2599931450967094,0.8964770971415446,-0.2499605876018604,488.1446013311871,3.2542973422079142,0.9273454626061269,7.436649550227713,0.11820308811015957,BLEND_SUSPECT;MULTI_MINIMA,2,2392,0.004
line_0189,Fe V,1392.94,1393.1793677227763,0.0013468135460451486,-0.14687258627004618,0.021161760638150055,0.8756265536494565,0.2803313448087315,262.40012060392735,1.7493341373595157,-1.8435122673048447,13.993578507130291,0.09549998523442808,BLEND_SUSPECT;MULTI_MINIMA;SATURATED,2,3334,0.004
line_0190,Fe V,1393.0706,,,,,,,,,,,,FIT_FAILED,0,2824,0.004
line_0191,Fe V,1394.2712,1394.3435202201706,0.002120841835694753,-0.07090648935959998,0.2531879070431959,0.8481345283409144,-0.4548600818988947,1502.0038135723519,10.013358757149012,1.4873769459605606,9.724670667919481,0.15443199460210955,BLEND_SUSPECT;MULTI_MINIMA,2,2697,0.004
line_0192,Fe V,1394.6013,1394.7377453614695,0.005145900452557753,-0.06065877273655507,0.3225622713894189,0.7440188926385487,0.09489043681944744,1224.962984804033,8.166419898693555,-0.9111571326758287,8.319218640082154,0.21866148900826268,BLEND_SUSPECT;MULTI_MINIMA,2,2555,0.004
line_0193,Fe V,1394.6686,1394.7081880417893,0.02274544863900492,-0.12397996179436732,0.7472013511810893,1.311122178070104,0.12366726458577426,920.4095381726104,6.136063587817403,-1.0719790667032834,17.00358188313307,0.15649636638612108,BLEND_SUSPECT;MULTI_MINIMA;SATURATED,2,3206,0.004
line_0194,Fe V,1395.4411,,,,,,,,,,,,FIT_FAILED,0,3104,0.004
line_0195,Fe V,1397.7545,,,,,,,,,,,,FIT_FAILED,0,2347,0.004
line_0196,Fe V,1397.973,,,,,,,,,,,,FIT_FAILED,0,2215,0.004
line_0197,Fe V,1398.1624,,,,,,,,,,,,FIT_FAILED,0,2172,0.004
line_0198,Fe V,1401.5384,1401.784674337849,0.018894981939016165,-0.24754669567861842,0.1738335079630846,1.4705334155782106,0.9033843036270052,1693.0155694811933,11.286770463207956,1.0696243228865203,19.550848296015904,0.27431910309399393,BLEND_SUSPECT;MULTI_MINIMA;SATURATED,2,2618,0.004
line_0199,Fe V,1404.0438,1404.303434580678,0.030735301421138936,-0.0461170653845453,0.21696205554317327,0.9959599833964515,-0.02852102638280569,186.7012657189315,1.2446751047928766,0.11552740154760333,3.5653045548772577,0.2510403074592605,BLEND_SUSPECT;MULTI_MINIMA,2,2128,0.004
line_0200,Fe V,1404.2589,1404.4502535469956,0.13814135826930973,-0.04339622307822644,0.28537612206264074,1.3742964739645185,-0.509059112713583,171.89390276666597,1.145959351777773,-1.55320297387805,3.43368046540487,0.23576421235519673,BLEND_SUSPECT;MULTI_MINIMA,2,1970,0.004
line_0201,Fe V,1406.671,,,,,,,,,,,,FIT_FAILED,0,2222,0.004
line_0202,Fe V,1406.822,1406.7030742879838,0.013424245242352573,-0.15404768805509483,0.4638206470092377,1.1874287167157205,-0.7709837641535741,2762.8330573503167,18.418887049002112,1.7457665986863566,19.654542233195144,0.20210602130343913,BLEND_SUSPECT;MULTI_MINIMA;SATURATED,2,2157,0.004
line_0203,Fe V,1407.0098,1407.359808875922,0.0005862791012502698,-0.14772369873082453,0.025891403150555867,2.0834490914060497,-1.2999599065938336,3207.1114663551516,21.380743109034345,-0.7977741906469342,18.847680950008005,0.4118832483740006,BLEND_SUSPECT;MULTI_MINIMA;POOR_FIT;SATURATED,2,3312,0.004
line_0204,Fe V,1407.247,1407.3585827811762,0.0005805795541214062,-0.15230538468416288,0.021815430587063173,1.6041737480967306,1.198775077175429,1851.529224781443,12.34352816520962,-1.4275250460391564,19.432246296012543,0.19653335105567477,BLEND_SUSPECT;MULTI_MINIMA;SATURATED,2,2471,0.004
line_0205,Fe V,1407.564,1407.358174393264,0.0005799008966714157,-0.2762156359228811,0.02389620900475986,4.682733455728589,3.469918426320537,633.7191593252066,4.224794395501378,-1.106113003914,29.279189416578426,0.1113804158861241,BLEND_SUSPECT;MULTI_MINIMA;SATURATED,2,2209,0.004
line_0206,Fe V,1408.119,1408.5734332580896,0.0004789031611215749,-9.39174359601272,0.042468664005103525,1.6391401889509045,2.009206906123559,89259.15113399544,595.0610075599697,0.2194305360982199,741.2041767309295,0.9975516745915047,BLEND_SUSPECT;MULTI_MINIMA;POOR_FIT;SATURATED,2,1343,0.004
line_0207,Fe V,1408.7993,1408.7923240646335,0.003538123368746702,-4.690739896523311,0.27676930513995174,1.8824963897843547,-4.956073274146163,87743.43122033874,588.8820887271056,0.19496420876357543,4690739.896523312,0.9961705411642061,BLEND_SUSPECT;MULTI_MINIMA;POOR_FIT;SATURATED,2,2823,0.004
line_0208,Fe V,1409.0254,,,,,,,,,,,,FIT_FAILED,0,1409,0.004
line_0209,Fe V,1409.2236,,,,,,,,,,,,FIT_FAILED,0,1537,0.004
line_0210,Fe V,1409.451,,,,,,,,,,,,FIT_FAILED,0,1628,0.004
line_0211,Fe V,1409.7226,1409.9896917854646,0.004396084987326151,-0.9783168960611653,0.3009035853401343,3.71853948681021,8.144979545766137,204424.21221849328,1362.828081456622,-0.09394473436575504,978316.8960611654,0.9904733914895331,BLEND_SUSPECT;MULTI_MINIMA;POOR_FIT;SATURATED,2,1716,0.004
line_0212,Fe V,1409.8484,1410.0454861445344,0.0003628548115177536,-4.83905957325018,0.03948444160141909,0.16266332830076088,2.0399531698259894,193505.61012849072,1290.0374008566048,-0.18243017471048123,4839059.573250181,0.9745267224666723,BLEND_SUSPECT;MULTI_MINIMA;POOR_FIT;SATURATED,2,2845,0.004
line_0213,Fe V,1411.0703,1411.565927140921,0.0009307692095212326,-0.1237492722171718,0.016829223610244984,1.098853196246174,0.1974447588010064,235.85748527374307,1.5723832351582872,-0.2850404971972256,7.476125275490738,0.30092985038698905,BLEND_SUSPECT;MULTI_MINIMA;SATURATED,2,3620,0.004
line_0214,Fe V,1411.5675,1411.6077089412004,0.004976081105222523,-0.13247463049112473,0.08931804420538886,1.1906839595847274,-0.3850712230571084,902.8447662257565,6.01896510817171,0.8104484094143095,7.770376616393845,0.6082653701043969,BLEND_SUSPECT;MULTI_MINIMA;SATURATED,2,1609,0.004
line_0215,Fe V,1414.832,1415.3094837305869,0.0008083214102654324,-0.25629124757851807,0.04637389290134214,1.3068409964900347,0.7752306339359224,6778.144919689863,45.18763279793242,0.919809646766018,20.85547887643151,0.3990737823251466,BLEND_SUSPECT;MULTI_MINIMA;POOR_FIT;SATURATED,2,1764,0.004
line_0216,Fe V,1416.2196,1416.2351415367414,0.00041141341074179037,-8.376621130321745,0.059231189377580706,1.2983182153096722,0.3600416271688532,154866.85778865128,1032.4457185910085,-0.03671672658467748,528.7702199214725,0.9833062802348683,BLEND_SUSPECT;MULTI_MINIMA;POOR_FIT;SATURATED,2,2396,0.004
line_0217,Fe V,1416.829,1416.4968192183462,0.00047947075915497436,-13.192846726764543,0.0258036201795919,1.0483931346793203,-0.887784370677593,92256.95282594851,615.04635217299,-0.44631033576903106,1104.9154780495553,0.9788305217841122,BLEND_SUSPECT;EDGE;MULTI_MINIMA;POOR_FIT;SATURATED,2,2137,0.004
line_0218,Fe V,1417.003,,,,,,,,,,,,FIT_FAILED,0,2427,0.004
line_0219,Fe V,1418.1223,1418.1220067624483,0.007493210106143514,-0.2438282630493278,0.1673361176811863,1.9665003296665713,-1.8768188644965764,5106.011145107415,34.0400743007161,-1.1137618301774588,16.119857069675955,0.3900946967317755,BLEND_SUSPECT;MULTI_MINIMA;POOR_FIT;SATURATED,2,2433,0.004
line_0220,Fe V,1420.418,1420.2399410250036,0.0009649117287256702,-0.24617275787188375,0.0198710479686927,1.2553316202963323,-0.11226164766596672,1211.2440134009616,8.074960089339744,-1.857379713853768,14.253940322372017,0.46664511397737307,BLEND_SUSPECT;MULTI_MINIMA;SATURATED,2,1509,0.01
line_0221,Fe V,1420.6049,1420.60791521295,0.008769131320920526,-0.18693131289506226,0.14012035754177396,1.3794461361999337,-0.5782679501703756,1459.7179499655977,9.731452999770651,-0.2883807272221065,10.522682794286089,0.5558795858699357,BLEND_SUSPECT;MULTI_MINIMA;SATURATED,2,2368,0.004
line_0222,Fe V,1420.7486,1421.1196717676005,0.005550990943927375,-0.21822660241972713,0.059289504816614394,1.2474440727904414,0.08853233842382216,1505.5550839110201,10.037033892740133,1.7213387504806061,12.284348079375366,0.5500395940866792,BLEND_SUSPECT;MULTI_MINIMA;SATURATED,2,2799,0.004
line_0223,Fe V,1421.0167,,,,,,,,,,,,FIT_FAILED,0,2824,0.004
line_0224,Fe V,1421.9775,1422.5446548867903,0.0004362354755917674,-12.886206566176076,0.022759754537680626,0.9017243382175159,0.3674049196078166,100301.33416519218,668.6755611012812,0.21464907887055054,982.2037054245377,0.9801866361090785,BLEND_SUSPECT;EDGE;MULTI_MINIMA;POOR_FIT;SATURATED,2,2275,0.004
line_0225,Fe V,1422.4802,1422.6615660369268,0.00034088322543455605,-7.978787590757767,0.08596018349635623,2.7898530130806196,3.9259708015308497,142211.71019159377,948.0780679439584,0.16866088563403783,523.5241926630702,1.0000219934829233,BLEND_SUSPECT;MULTI_MINIMA;POOR_FIT;SATURATED,2,2679,0.004
line_0226,Fe V,1425.0834,1425.0644579764964,0.0272812669907673,-0.18959862464830757,0.17922394878784392,1.2134377140622044,-0.39589095822734455,647.9693467485499,4.319795644990333,-0.8085107662512093,16.30619434806675,0.26216477158260215,BLEND_SUSPECT;MULTI_MINIMA;SATURATED,2,1372,0.004
line_0227,Fe V,1426.4346,1426.7656251994845,0.009003583755715087,-0.5777923370027189,0.13932261835699583,2.4963142801960174,2.9743516525504434,8192.294917072779,54.61529944715186,1.1817617680555734,33.38780630933898,0.3086023036710167,BLEND_SUSPECT;MULTI_MINIMA;POOR_FIT;SATURATED,2,713,0.004
line_0228,Fe V,1427.8145,1428.1365040394996,0.002739411819480771,-0.8744677041806496,0.1300004258692413,3.7149791532987133,5.39494918022418,103893.83096534085,692.625539768939,0.682147322765965,47.64543695219675,0.9413244536915469,BLEND_SUSPECT;MULTI_MINIMA;POOR_FIT;SATURATED,2,2617,0.004
line_0229,Fe V,1429.0058,1429.2221723364137,0.029978885032033522,-0.11205382818078113,0.3928493059098937,2.029931643027973,1.1503907313116084,1803.5147863545117,12.104126082916185,0.5779835008621531,13.677449621800713,0.21330909554600522,BLEND_SUSPECT;MULTI_MINIMA;SATURATED,2,1956,0.004
line_0230,Fe V,1429.33,1429.5901769289064,0.0006924446060259288,-0.09833463933777453,0.029755495581167024,2.219470648372849,-1.0748507394969233,777.1990887456574,5.181327258304383,-1.7754595481297708,11.954326033516239,0.11810744959666382,BLEND_SUSPECT;MULTI_MINIMA,2,2362,0.004
line_0231,Fe V,1429.4691,1429.5994783835347,0.003466531951096301,-0.1256822484848502,0.1715035412483705,1.6340539368932783,-1.4055581238157013,2000.5061674485955,13.426215888916749,-1.7547599378312135,14.82547125974151,0.2047112956583595,BLEND_SUSPECT;MULTI_MINIMA;SATURATED,2,1730,0.004
line_0232,Fe V,1430.313,1430.4103050325916,0.0029070089392711517,-0.31397533912008013,0.266931132306237,1.0750461671034475,0.0593009160588298,1419.6244233304847,9.527680693493185,-0.041435947649263186,28.740308844847764,0.24954738050727734,BLEND_SUSPECT;MULTI_MINIMA;SATURATED,2,2449,0.004
line_0233,Fe V,1430.573,1430.691541172935,0.0004567198014673304,-0.30711111506753863,0.025734070163487374,2.2836520050635136,-1.5098038366581734,976.545291598023,6.51030194398682,-1.613218900912465,27.140796628033794,0.18639717940774153,BLEND_SUSPECT;MULTI_MINIMA;SATURATED,2,3207,0.004
line_0234,Fe V,1430.7552,1430.6918595024003,0.00045668318441896094,-0.4642082983855713,0.025700780272824804,1.3654996848332737,-0.6457745531024083,1069.6825665661459,7.131217110440972,-1.7121047008931674,34.95194556834039,0.19941698766626245,BLEND_SUSPECT;MULTI_MINIMA;SATURATED,2,2037,0.004
line_0235,Fe V,1431.8875,1431.9466501809486,0.008117973858550797,-0.2514316586333686,0.11363589068400305,1.0248862922563098,0.009121532171376442,690.2269703905308,4.601513135936872,-0.9816444906750633,19.36611289564604,0.235330575498418,BLEND_SUSPECT;MULTI_MINIMA;SATURATED,2,1062,0.004
line_0236,Fe V,1435.0474,1435.1558502833223,0.0010651706562141493,-0.1606746338168512,0.01865843631959746,1.0061489312698433,0.005519562711948213,214.29985543898206,1.438254063348873,-0.7532962397826959,12.150670844280215,0.46308426387547796,BLEND_SUSPECT;MULTI_MINIMA;SATURATED,2,1505,0.004
line_0237,Fe V,1440.529,1440.641556732925,0.0004735768540840632,-0.2615266115299104,0.024171378076314063,1.7407397539014806,1.0176089338972443,1867.3404669674703,12.448936446449801,1.6802075945738928,23.3702644154443,0.22352247653610738,BLEND_SUSPECT;MULTI_MINIMA;SATURATED,2,2780,0.004
line_0238,Fe V,1440.7939,1441.0065081506948,0.0030469543149964583,-0.2657564751113932,0.2892184162743598,1.1088094120575658,0.11377867760646702,2962.1292991962687,19.747528661308458,-0.21996322576484745,23.748249010442986,0.30967312410444897,BLEND_SUSPECT;MULTI_MINIMA;SATURATED,2,2674,0.004
line_0239,Fe V,1442.2167,1442.3389137574557,0.0016211735997602855,-0.43901328815970964,0.08188429471154132,1.0454460894995052,-0.04909173778663511,3395.238611297603,22.63492407531735,-1.0795976212208778,34.62753350636122,0.268178798948192,BLEND_SUSPECT;MULTI_MINIMA;POOR_FIT;SATURATED,2,2897,0.004
line_0240,Fe V,1443.1662,1443.1368422841003,0.018404268699801496,-0.22312823098610324,0.16814310580718078,1.464473290554368,-0.9028454958261624,1930.9048510363539,12.872699006909025,-1.0252595666584279,18.207651718700088,0.29686171460691696,BLEND_SUSPECT;MULTI_MINIMA;SATURATED,2,2368,0.004
line_0241,Fe V,1446.286,1446.9171973918678,0.0071840110249313275,-0.6023922625286129,0.2547044566622972,2.201214825782513,2.4109364449151727,10386.17566942887,69.24117112952581,0.9865374295683137,33.74768291479999,0.32344885298744297,BLEND_SUSPECT;EDGE;MULTI_MINIMA;POOR_FIT;SATURATED,2,1297,0.004
line_0242,Fe V,1447.7045,1447.6509026282404,0.006657719799942243,-0.21702250761985653,0.1597696619160083,1.0511114568309543,-0.0022564935545665173,1030.8391284635309,6.872260856423539,0.6667197098227469,22.664321884897628,0.14516633473309912,BLEND_SUSPECT;MULTI_MINIMA;SATURATED,2,3201,0.004
line_0243,Fe V,1448.8487,1448.5948950177178,0.0021645454292097354,-0.29876143396240706,0.06089472452010898,1.4282467320618626,-0.9249579999081127,7143.5413713626895,47.623609142417926,-1.0779085404011108,23.795935830036733,0.378050169106739,BLEND_SUSPECT;MULTI_MINIMA;POOR_FIT;SATURATED,2,2406,0.004
line_0244,Fe V,1449.929,1450.055053845324,0.005375707005454827,-0.18268673893811793,0.20188361701200208,1.013709854664897,0.00047564832540583586,857.451844290629,5.716345628604193,-0.18081613961859885,16.230105750443908,0.23304123588323514,BLEND_SUSPECT;MULTI_MINIMA;SATURATED,2,2535,0.004
line_0245,Fe V,1451.102,1451.3007336485296,0.034504528362470206,-0.18130042607537344,0.29034225689789095,1.5067755823949902,0.7854197610551902,205.00157551818955,1.3666771701212637,1.1001425322374143,17.36117338435521,0.07235914183531351,BLEND_SUSPECT;MULTI_MINIMA;SATURATED,2,2103,0.004
line_0246,Fe V,1451.266,1451.3095137690332,0.01502315468117984,-0.1903266152235571,0.23606113701495254,1.039514972487541,0.002318718284624208,496.51265596997916,3.3100843731331944,0.302132805198927,18.225513519642334,0.12463189663989797,BLEND_SUSPECT;MULTI_MINIMA;SATURATED,2,1997,0.004
line_0247,Fe V,1453.616,1453.7351462899235,0.000572745757734537,-0.22355208374024382,0.021349695057518592,1.2962369849078395,0.4228482794336255,186.90887298636503,1.2460591532424334,-1.5618190416724818,16.71516439389404,0.0825910875123105,BLEND_SUSPECT;MULTI_MINIMA;SATURATED,2,1667,0.004
line_0248,Fe V,1454.241,,,,,,,,,,,,FIT_FAILED,0,1880,0.004
line_0249,Fe V,1454.47,,,,,,,,,,,,FIT_FAILED,0,2372,0.004
line_0250,Fe V,1454.702,,,,,,,,,,,,FIT_FAILED,0,2016,0.004
line_0251,Fe V,1455.557,1455.5523274383006,0.0026966169290881417,-0.03768715715499743,0.3029969609027581,0.910725005568325,-0.8920129023786731,2302.546285591314,15.350308570608759,1.5845882503948507,7.077157248418118,0.1123981483135779,BLEND_SUSPECT;MULTI_MINIMA,2,2598,0.004
line_0252,Fe V,1455.712,1455.2296000000329,0.36222113492139923,-0.024657994734026967,0.8500314737691008,5.565385525817241,-3.328065865528085,3556.9078568862215,23.712719045908145,3.3918057916635824,4.6848365430655114,0.165276834203603,BLEND_SUSPECT;EDGE;MULTI_MINIMA;POOR_FIT,2,2133,0.004
line_0253,Fe V,1456.1622,,,,,,,,,,,,FIT_FAILED,0,2067,0.004
line_0254,Fe V,1456.289,1456.4358406829988,0.02009544068683453,-0.06250890514359392,0.25437736922158993,1.0786529437133292,0.03338774672561843,2631.6116339000005,17.544077559333335,-1.6596007051077906,10.40870527813547,0.12400554566696435,BLEND_SUSPECT;MULTI_MINIMA,2,1894,0.004
line_0255,Fe V,1459.256,,,,,,,,,,,,FIT_FAILED,0,2088,0.004
line_0256,Fe V,1459.833,1459.94130778764,0.0007458273944265991,-0.19329583146323148,0.03444151032084152,3.7147072846870692,2.564752487652235,2121.6234093573153,14.144156062382102,-1.1097855849233376,23.690894447148075,0.2894438669366534,BLEND_SUSPECT;MULTI_MINIMA;SATURATED,2,2416,0.004
line_0257,Fe V,1460.7298,1460.8005293945635,0.0007327342139317826,-2.092203923469489,0.10882877863520778,0.4654884255587471,-6.242669162588149,146769.9055399308,978.466036932872,-0.03030621374580166,2092203.923469489,1.003592183291192,BLEND_SUSPECT;MULTI_MINIMA;POOR_FIT;SATURATED,2,1771,0.004
line_0258,Fe V,1461.054,1460.572400774815,238.2616141975174,-1.523223872916443,0.7359724805538869,24.51808575850966,-23.26624106869477,238092.84490488225,1587.285632699215,0.02276705919267702,1523223.872916443,0.9969356718173626,BLEND_SUSPECT;EDGE;MULTI_MINIMA;POOR_FIT;SATURATED,2,2033,0.004
line_0259,Fe V,1462.5641,1462.5623238840935,0.0177152303448166,-0.0806305980937152,0.2713402623461489,1.687164069064147,0.6961542435059911,2665.9644642880867,17.773096428587245,1.611350193168572,11.936229264385693,0.16536431922369124,BLEND_SUSPECT;MULTI_MINIMA,2,2067,0.004
line_0260,Fe V,1462.635,1462.515961133414,0.0784327103217966,-0.08312668385122635,0.33332332706366236,2.1296232555991352,0.5636266492618425,2371.936979303023,15.812913195353484,1.754322863357808,12.305739755063092,0.1700986437995041,BLEND_SUSPECT;MULTI_MINIMA,2,1750,0.004
line_0261,Fe V,1463.065,1463.1793518778723,0.003652502580478049,-0.15406877289941034,0.3760644493653431,0.8854447775046171,0.5597427534229796,1693.6494232935238,11.29099615529016,-1.5338419270195929,22.627821449244113,0.15561316305244122,BLEND_SUSPECT;MULTI_MINIMA;SATURATED,2,1941,0.004
line_0262,Fe V,1464.2202,,,,,,,,,,,,FIT_FAILED,0,851,0.004
line_0263,Fe V,1464.685,,,,,,,,,,,,FIT_FAILED,0,2232,0.004
line_0264,Fe V,1464.873,1465.0308385461303,0.003624566986965964,-0.16219383402492227,0.31575231854825997,1.799119779418252,-1.1523272287624475,502.5039710604694,3.3500264737364627,1.4315421917446958,10.990112584422347,0.06324362274234469,BLEND_SUSPECT;MULTI_MINIMA;SATURATED,2,1886,0.004
line_0265,Fe V,1466.6498,1466.772027218426,0.0029296133478268886,-0.23189506430777085,0.1041331279684073,0.991987089251224,0.01320845317488902,1139.3587112648888,7.595724741765926,0.5267832932497307,19.55178984837069,0.29085514377201854,BLEND_SUSPECT;MULTI_MINIMA;SATURATED,2,2212,0.004
line_0266,Fe V,1468.908,1469.0827896254814,0.0015017586953008277,-0.0899028303268461,0.07589212039325137,1.1778732752792582,0.13513113009881367,1775.2423986327103,11.83494932421807,1.704485173773684,12.637604640729819,0.14808545634891335,BLEND_SUSPECT;MULTI_MINIMA,2,1420,0.004
line_0267,Fe V,1469.0,1469.084830973825,0.0014481089748664795,-0.05737641324394083,0.07194966846557692,0.9190135021870883,-0.2167326770512033,1745.5734756262204,11.637156504174802,1.6918570123728376,8.261846118680097,0.15251065101879174,BLEND_SUSPECT;MULTI_MINIMA,2,2431,0.004
line_0268,Fe V,1469.5986,,,,,,,,,,,,FIT_FAILED,0,3313,0.004
line_0269,Fe V,1471.2059,,,,,,,,,,,,FIT_FAILED,0,1774,0.004
line_0270,Fe V,1471.334,,,,,,,,,,,,FIT_FAILED,0,1754,0.004
line_0271,Fe V,1472.098,1472.2167692789794,0.0006388334065645377,-0.1091363527575544,0.020424046716451948,0.9059060830593109,0.0039230289958319025,1561.453289617866,10.40968859745244,0.9551073075374898,20.32043592715993,0.40383752343735113,BLEND_SUSPECT;MULTI_MINIMA;SATURATED,2,2264,0.004
line_0272,Fe V,1472.5116,1472.932291348609,0.039438658854312005,-0.10872271657128701,0.5904903037373739,0.9927176325295378,0.6187597418896735,1464.097719733049,9.760651464886992,-2.015335038459415,20.243419723046227,0.15969289551478477,BLEND_SUSPECT;MULTI_MINIMA;SATURATED,2,2576,0.004
line_0273,Fe V,1472.805,1473.0550275423918,0.005790015075633561,-0.1182868167084834,0.13638990237297602,0.7398498138624338,0.5347888169742413,1422.4757729949706,9.48317181996647,-1.8252925868518965,18.291104750365054,0.10196906590285952,BLEND_SUSPECT;MULTI_MINIMA;SATURATED,2,2349,0.004
line_0274,Fe V,1474.2722,1474.4284155813061,0.006962470131710614,-0.2292797049841082,0.19282725464013462,1.0191842703959246,0.020821765252956915,481.61025863270993,3.2107350575513993,0.4512896848296948,25.218424720582558,0.11310435781022264,BLEND_SUSPECT;MULTI_MINIMA;SATURATED,2,3111,0.004
line_0275,Fe V,1475.305,1475.7913233389886,0.010470305892582674,-0.12375167186428859,0.1745242296994127,1.2911447261388933,0.5715511623150534,752.2756469129171,5.015170979419447,1.2395276062400469,8.52952938611956,0.29576864818224063,BLEND_SUSPECT;MULTI_MINIMA;SATURATED,2,1007,0.004
line_0276,Fe V,1475.6059,1475.72174243508,0.0014311664219868517,-0.11726434142432263,0.02897918415501221,1.8249100179127107,0.8346732401842119,430.84498662964336,2.8722999108642893,1.7287654166944755,8.082392997644426,0.23169482419270993,BLEND_SUSPECT;MULTI_MINIMA;SATURATED,2,1800,0.004
line_0277,Fe V,1477.534,1477.7679271494155,0.0004362926364640017,-13.185343483246886,0.07369265352390073,2.847770815781349,3.7392267083128616,162875.222721714,1085.83481814476,-0.09465948618976655,989.8141580101038,1.0044344157843215,BLEND_SUSPECT;MULTI_MINIMA;POOR_FIT;SATURATED,2,938,0.004
line_0278,Fe V,1477.7992,1477.868408145945,0.004326084636615463,-9.801377347119399,0.2514038651784604,13.839425200001548,-15.434757523016723,262318.1392057583,1748.7875947050552,-0.18042135004154294,496.28799914162676,0.9971667643853526,BLEND_SUSPECT;MULTI_MINIMA;POOR_FIT;SATURATED,2,2048,0.004
line_0279,Fe V,1478.287,1478.1434286101044,0.0004342451861100564,-15.970675024666514,0.05723653310447142,3.1203710085925396,-4.17293332803325,111256.75045317877,741.7116696878585,-0.2293583307770752,964.9665084441721,0.9957122712528623,BLEND_SUSPECT;MULTI_MINIMA;POOR_FIT;SATURATED,2,926,0.004
line_0280,Fe V,1478.785,,,,,,,,,,,,FIT_FAILED,0,2037,0.004
line_0281,Fe V,1479.39,1479.44195531674,0.005956206881946888,-0.26241043930642693,0.4290266876626361,1.2564040568647101,-0.030041987688230725,863.6873767680801,5.796559575624698,-0.07528621283040876,31.719359023375993,0.1700727533993748,BLEND_SUSPECT;MULTI_MINIMA;SATURATED,2,1410,0.004
line_0282,Fe V,1483.2574,,,,,,,,,,,,FIT_FAILED,0,1555,0.004
line_0283,Fe V,1484.212,1484.2968019255998,0.02567971737162288,-0.1203840564555112,0.18259701772320971,3.1939433738539798,-1.2856572037821918,647.6535796598195,4.317690531065463,0.21610598172446843,11.858551278543583,0.27784987655789495,BLEND_SUSPECT;MULTI_MINIMA;SATURATED,2,1587,0.004
line_0284,Fe V,1484.375,1484.6187579734506,0.018277833515434237,-0.11640420069614377,0.09974706604206834,1.2523629231885702,-0.3680660653655197,159.78993135185428,1.07241564665674,-1.6018685920346531,11.480409763311988,0.11713624309600325,BLEND_SUSPECT;MULTI_MINIMA;SATURATED,2,1535,0.004
line_0285,Fe V,1485.4533,,,,,,,,,,,,FIT_FAILED,0,1418,0.004
line_0286,Fe V,1485.9263,1485.9931490294673,0.08597621061799593,-0.12211811959287444,0.24411489835360517,1.0876856309719243,-0.13225933558599018,417.67935662935395,2.784529044195693,1.2839121841030046,8.547001009669655,0.25898318031508144,BLEND_SUSPECT;MULTI_MINIMA;SATURATED,2,3092,0.004
line_0287,Fe V,1494.6412,1494.8012298505391,0.03292266982111646,-0.17513137115420252,0.1698711080015229,1.0095649146835588,0.019510268462173304,227.21069931086276,1.5147379954057518,0.6191649111224947,16.606857146560948,0.14858988134661735,BLEND_SUSPECT;MULTI_MINIMA;SATURATED,2,1006,0.004
line_0288,Fe V,1495.615,1495.8590349501171,0.00035540274641073953,-5.16345496205199,0.07780210185602408,2.4748755690476436,3.015270597424947,212442.4127671143,1425.788005148418,0.24784795282006908,504.6936380074939,0.9913818535407779,BLEND_SUSPECT;MULTI_MINIMA;POOR_FIT;SATURATED,2,2270,0.004
line_0289,Fe V,1496.2648,1496.447008389288,0.0004939795867345344,-2.9830035698125905,0.10498238672234424,0.32219859895508796,8.220685511962623,173607.81270545043,1157.3854180363362,-0.3622578589358607,2983003.5698125907,0.9789662419986981,BLEND_SUSPECT;MULTI_MINIMA;POOR_FIT;SATURATED,2,2416,0.004
line_0290,Fe V,1499.2326,1499.2144008527046,0.014339635556184263,-0.3058344648511995,0.1791616347316229,1.525906524696843,-1.0008528486691295,3813.7270069534206,25.424846713022806,-0.9887505334846891,28.822643753707286,0.301818502765831,BLEND_SUSPECT;MULTI_MINIMA;POOR_FIT;SATURATED,2,1684,0.004
line_0291,Fe V,1500.5822,1500.8678258469965,0.010677469056406154,-0.15844484073698073,0.15486578743376386,1.6320689287806631,1.2490978539028939,3357.826686076567,22.385511240510446,1.252393139908468,15.979464296406203,0.2944842443682441,BLEND_SUSPECT;MULTI_MINIMA;POOR_FIT;SATURATED,2,2706,0.004
line_0292,Fe V,1504.3315,,,,,,,,,,,,FIT_FAILED,0,1318,0.004
line_0293,Fe V,1504.848,1505.5567999958025,1.6867583249720555,-0.3904781522641403,0.23519182292544175,1.879463840307347,1.0268170194617883,310.8201207253261,2.0860410786934636,1.642295090375411,25.013455201225614,0.10590955449777006,BLEND_SUSPECT;EDGE;MULTI_MINIMA;SATURATED,2,2514,0.004
line_0294,Fe V,1508.1512,1508.2369542522401,0.06029718300494414,-0.07883856233699138,0.193866653937437,1.0070172357633893,0.0014028354089850265,157.06592986556007,1.0471061991037338,0.566877478905661,7.211217052873001,0.20630619580080406,BLEND_SUSPECT;MULTI_MINIMA,2,2801,0.004
line_0295,Fe V,1509.7897,1509.9587029695733,0.00463085226642695,-0.35820835323913425,0.12252235248919795,1.0303456818752899,-0.007507537698895242,1325.4990776159177,8.836660517439451,0.8808744129097253,31.54380984043985,0.19717397990791374,BLEND_SUSPECT;MULTI_MINIMA;SATURATED,2,2230,0.004
line_0296,Fe V,1511.434,1511.3850662781522,0.1183058111071644,-0.03014124849197719,0.1712754465509855,1.120560852048831,-0.2370252275339203,223.17531227105098,1.48783541514034,-1.2514538647919855,3.0058238912393076,0.4329015120761007,BLEND_SUSPECT;MULTI_MINIMA,2,1912,0.004
line_0297,Fe V,1514.8306,1515.0838060439337,0.09349172497437983,-0.10327863791610947,0.19070015109106242,1.2201155430477406,-0.194394246733968,162.09447005492558,1.0806298003661705,-1.371096348478804,7.570634353963465,0.28070003914018965,BLEND_SUSPECT;MULTI_MINIMA;SATURATED,2,3085,0.004
line_0298,Fe V,1515.5359,1515.6749658266442,0.02428993300799016,-0.07242480124366546,0.10544281201865656,1.1275838562607285,0.019021976947436275,129.8977202880405,0.8659848019202699,1.7579515399788954,5.324157189166072,0.25713518435831184,BLEND_SUSPECT;MULTI_MINIMA,2,3306,0.004
line_0299,Fe V,1516.7993,1517.0425347694147,0.00993425093227792,-0.10178048689080288,0.14255341179448233,1.0033852083777544,0.007116033863396222,363.238040055115,2.4215869337007665,-0.45072278463198756,10.497652323331527,0.22719515133327323,BLEND_SUSPECT;MULTI_MINIMA;SATURATED,2,2965,0.004
line_0300,Fe V,1519.5178,1519.689060678305,0.004340901263449624,-0.37036896445607104,0.16003799018459824,1.026983980514824,0.00871472156845326,1042.140175021272,6.94760116680848,0.6873327372964105,33.45972884771559,0.14209448921577372,BLEND_SUSPECT;MULTI_MINIMA;SATURATED,2,2044,0.004
line_0301,Fe V,1525.1631,1525.4378315003698,0.00209563706263098,-0.5588620066897709,0.14574175571440512,3.6058743434081806,5.1279901476603555,52219.44684009801,348.1296456006534,1.0126743451917093,42.60247204822277,0.6190907138012738,BLEND_SUSPECT;MULTI_MINIMA;POOR_FIT;SATURATED,2,2379,0.004
line_0302,Fe V,1530.4401,1530.3828990317613,0.009404284073111717,-0.12627811102898245,0.2085416077941024,1.1149934400053754,-0.21751018989454324,536.253298763299,3.5750219917553263,-0.23101379402171338,9.646132525642004,0.39159757818324903,BLEND_SUSPECT;MULTI_MINIMA;SATURATED,2,2013,0.004
line_0303,Fe V,1532.3289,1532.477504797819,0.007637500703866211,-0.21353793235033602,0.2314212446019424,1.052538298867787,0.008020821042314573,1367.3945557783134,9.115963705188756,-0.41862030167113373,21.252379195090448,0.17865043524520466,BLEND_SUSPECT;MULTI_MINIMA;SATURATED,2,1900,0.004
line_0304,Fe V,1535.0382,1535.2515894637413,0.011967123646877196,-0.24532713360533465,0.12090129125880139,1.0094185887655351,0.0033758952049917465,722.7183945826882,4.818122630551255,0.7578793144538671,17.99666304828032,0.2820273981611984,BLEND_SUSPECT;MULTI_MINIMA;SATURATED,2,905,0.004
line_0305,Fe V,1543.234,1543.4890070588542,0.014310899469352963,-0.2978144579084746,0.1726981097107043,1.4989003831675234,0.9631859016397614,1887.1959796822648,12.581306531215098,0.9834504422492998,20.765840142567892,0.2836639809391701,BLEND_SUSPECT;MULTI_MINIMA;SATURATED,2,2774,0.004
line_0306,Fe V,1554.218,1554.3740230349874,0.0032936353722790796,-0.34791993356495443,0.1564087529326752,1.0135802532959437,0.012169284518461231,836.6219554286417,5.5774797028576115,0.5445913947907508,26.99358560241208,0.12889680914732604,BLEND_SUSPECT;MULTI_MINIMA;SATURATED,2,1456,0.004
line_0307,Fe V,1555.4456,1555.8247012787556,0.008889741446251749,-0.11420204899722564,0.22890933365584987,1.1851907134152737,0.35258038391382,195.06460052793472,1.3004306701862314,0.43525704718010977,8.194088351977406,0.28217446599565776,BLEND_SUSPECT;MULTI_MINIMA;SATURATED,2,2074,0.004
line_0308,Fe V,1557.0542,1557.4762678816346,0.0005176551763443287,-5.460334713291584,0.047635307911334496,1.1455241636536129,0.5283420910376403,67410.08800290256,449.40058668601705,0.2173336241265292,396.27935891532695,0.9758656161422387,BLEND_SUSPECT;MULTI_MINIMA;POOR_FIT;SATURATED,2,3764,0.004
line_0309,Fe V,1557.31,1557.4575131337565,0.0005402522598006947,-4.929142819561578,0.03296898339949218,-0.15958078519635857,-2.531075946073597,146606.69599317986,977.3779732878658,0.23493879425196235,4929142.819561578,0.9709000071184449,BLEND_SUSPECT;MULTI_MINIMA;POOR_FIT;SATURATED,2,2299,0.004
line_0310,Fe V,1557.6467,1557.1684000001205,0.09123236080145589,-1.957289007117165,0.7866839779289635,48.503219602647405,-44.21417397480376,175178.0265264947,1167.8535101766313,0.18136110719414214,1957289.007117165,0.9918448547707831,BLEND_SUSPECT;EDGE;MULTI_MINIMA;POOR_FIT;SATURATED,2,1901,0.004
line_0311,Fe V,1563.7745,1563.8977103680243,0.0187851943546761,-0.19021532803547192,0.18370276034903527,1.0109389086350145,-0.0070367324886160005,195.14329065720062,1.3009552710480041,-0.5997879861838834,13.285211901328323,0.13648714063723685,BLEND_SUSPECT;MULTI_MINIMA;SATURATED,2,3510,0.004
line_0312,Fe V,1569.981,1570.076646113199,0.007853835557795305,-0.2541573415736964,0.19486624513025907,1.0231793700250742,-0.00362153698287317,377.3692952216396,2.5157953014775973,0.4994584147504249,19.26419082939277,0.12085384859049236,BLEND_SUSPECT;MULTI_MINIMA;SATURATED,2,2684,0.004
line_0313,Fe V,1571.91,1572.073992567232,0.011651272876345903,-0.1821232104992082,0.18278327066802819,1.0095373914786925,0.01289143425894715,158.18845783449171,1.0545897188966114,0.42518398009519337,12.10036497676815,0.13400195325541667,BLEND_SUSPECT;MULTI_MINIMA;SATURATED,2,2522,0.004
line_0314,Fe V,1576.2143,1576.6114958750861,0.022010262704235038,-0.041718488215112925,0.1973641410451127,1.1512798517722254,0.29436284034764587,121.44872737618974,0.8150921300415419,0.8817000498850148,2.4506714290594034,0.3768977066380948,BLEND_SUSPECT;MULTI_MINIMA,2,2545,0.004
line_0315,Fe V,1582.7979,1582.876520556422,0.03113629677621682,-0.03335938161818375,0.12907414314887447,1.0016322140386873,-0.002496977325421302,104.48492843412129,0.6965661895608086,-0.29904708147212844,1.9121536464199806,0.7646931870302067,BLEND_SUSPECT;LOW_SNR;MULTI_MINIMA,2,2521,0.004
line_0316,Fe V,1583.9544,1584.0142442204317,0.0006138712252723321,-4.585787196207036,0.03996568088953885,0.11323282191124291,-2.1839662202395713,75668.85119772815,504.4590079848543,-0.02779576445979245,4585787.196207036,0.9906682765014125,BLEND_SUSPECT;MULTI_MINIMA;POOR_FIT;SATURATED,2,692,0.004
line_0317,Fe V,1584.5342,1584.769105966349,0.0010338252208838608,-1.355705496585185,0.135408377127766,0.231953014419205,4.204583287588487,60024.43299314369,400.1628866209579,0.13481867461314653,1355705.496585185,1.0005381132768127,BLEND_SUSPECT;MULTI_MINIMA;POOR_FIT;SATURATED,2,1997,0.004
line_0318,Fe V,1585.656,1585.2427914688644,0.004903395683334121,-0.5038131369485959,0.2072179471645072,1.7661440524555945,-1.5995972108104266,2165.4928675196034,14.436619116797356,-1.0779782957077728,24.182605923243273,0.24568411887982838,BLEND_SUSPECT;EDGE;MULTI_MINIMA;SATURATED,2,2596,0.004
line_0319,Fe V,1588.197,1588.5971754213922,0.0006171023010468046,-11.025784616421191,0.053928922475355835,2.356525558466973,2.9020871614226587,61641.12916179797,410.94086107865314,0.2602611300951831,570.3888848744069,0.9786315517061294,BLEND_SUSPECT;MULTI_MINIMA;POOR_FIT;SATURATED,2,1740,0.004
line_0320,Fe V,1588.9028,1588.6221805610812,0.0010338836803687158,-5.783835282293224,0.06905931945185512,-1.873249134733456,0.3890205060560203,73518.65328967918,490.1243552645278,0.15301568219992556,5783835.282293225,0.9941688702787054,BLEND_SUSPECT;EDGE;MULTI_MINIMA;POOR_FIT;SATURATED,2,929,0.004
line_0321,Fe V,1589.011,,,,,,,,,,,,FIT_FAILED,0,1717,0.004
line_0322,Fe V,1589.3908,,,,,,,,,,,,FIT_FAILED,0,2305,0.004
line_0323,Fe V,1589.9376,1589.9405592789808,0.000708132536313129,-4.726775425387394,0.08561805782076863,2.7131871190821077,-3.4502245294026763,63014.10521449113,420.0940347632742,-0.18193798966296904,4726775.425387394,0.983837666744976,BLEND_SUSPECT;MULTI_MINIMA;POOR_FIT;SATURATED,2,1813,0.004
line_0324,Fe V,1593.7032,1593.9511821481892,0.0008736246270390824,-2.972889962396625,0.18670536694971437,2.4269354089086366,2.7305521108930813,101340.42899185847,675.6028599457231,-0.10658862618256457,152.99520478244824,0.9908071779050591,BLEND_SUSPECT;MULTI_MINIMA;POOR_FIT;SATURATED,2,1636,0.004
line_0325,Fe V,1596.3679,1596.641360427586,0.036177972469288035,-0.1596014179406371,0.2189817136443808,2.3621492733506235,-2.091122869957396,924.2849429620437,6.203254650751971,1.2205201615539083,7.62741098882495,0.1927645863274894,BLEND_SUSPECT;MULTI_MINIMA;SATURATED,2,2044,0.004
line_0326,Fe V,1598.824,1598.868635406664,0.0010408126049341133,-2.7907367574047677,0.18949251582822307,4.718756677503386,6.234440952932976,81367.35896458541,542.4490597639027,-0.11595459259569704,135.90571682192936,0.9925056095944402,BLEND_SUSPECT;MULTI_MINIMA;POOR_FIT;SATURATED,2,1157,0.004
line_0327,Fe V,1599.84,1600.1822375713425,0.0016161769064849095,-0.7390388568281163,0.19168394799988392,8.375146914208946,-11.782890828889986,19159.247862720378,127.72831908480252,0.9551615674305745,27.687595990743173,0.5318450405824371,BLEND_SUSPECT;MULTI_MINIMA;POOR_FIT;SATURATED,2,1485,0.004
line_0328,Fe V,1606.6786,1606.8906182753824,0.007693031356828149,-0.23095068495056348,0.19493631538150383,1.0515447807807727,0.01819998971561521,619.935953271973,4.132906355146487,-0.5233059392215939,16.367750781238072,0.16073619347175355,BLEND_SUSPECT;MULTI_MINIMA;SATURATED,2,3211,0.004
line_0329,Fe V,1607.833,1607.8900746351044,0.010441083349027151,-0.2133587343668718,0.21045754458539737,1.0405451973989064,-0.022492729644785416,346.2015704247008,2.3080104694980053,0.33370791735240185,13.389160442973658,0.1497479062434956,BLEND_SUSPECT;MULTI_MINIMA;SATURATED,2,873,0.004
line_0330,Fe V,1614.1888,1614.5037303403576,0.0037917789909759003,-0.6935521883028334,0.1369382935383826,3.6476410541262037,5.217691708369331,50644.12182571979,337.62747883813194,0.6099368380467002,30.038070706855024,0.9644162999217212,BLEND_SUSPECT;MULTI_MINIMA;POOR_FIT;SATURATED,2,2588,0.004
line_0331,Fe V,1617.04,1617.2123824418632,0.009820004880786834,-0.29026248685579636,0.20635116265518355,1.021611899455934,0.05070732430664954,583.2566097301057,3.888377398200704,0.3591667359416806,14.887226782556775,0.1993224701741408,BLEND_SUSPECT;MULTI_MINIMA;SATURATED,2,630,0.004
line_0332,Fe V,1618.058,1618.2258230814982,0.007126092687161128,-0.24372794810893272,0.1717504067096646,1.4611389242392097,0.8399793017404987,458.93968517194696,3.0595979011463132,1.797555395473524,17.699115705300304,0.12845691234006607,BLEND_SUSPECT;MULTI_MINIMA;SATURATED,2,1624,0.004
line_0333,Fe V,1618.379,1618.3843314116295,0.008559467058043476,-0.2056383680663889,0.3340769103144193,1.3050722490530378,-0.22956294449231737,681.4077427815733,4.542718285210489,0.4457579964601714,16.306990588457843,0.1486221991679914,BLEND_SUSPECT;MULTI_MINIMA;SATURATED,2,3209,0.004
line_0334,Fe V,1620.0873,1620.1906590553938,0.0006108909861739962,-3.732543438178727,0.06620758158968186,1.0903198460471053,-0.015228997735457599,53892.66293272322,359.28441955148816,0.06011094259931916,165.932736483151,0.9884968979532992,BLEND_SUSPECT;MULTI_MINIMA;POOR_FIT;SATURATED,2,931,0.004
line_0335,Fe V,1624.255,1624.4309804621485,0.017412866905359172,-0.1301492124936835,0.1678994405804999,1.004661852328875,0.004751019146907912,124.87729671154469,0.8325153114102979,0.3820541080078073,5.609678971272672,0.2790666981296622,BLEND_SUSPECT;MULTI_MINIMA;SATURATED,2,2023,0.004
line_0336,Fe V,1630.8433,1630.7987228620584,0.023184893846476113,-0.25693113720878535,0.16208134088018147,1.3347573216527095,-0.6382326862105956,611.0041131403894,4.073360754269263,-0.90467719061691,10.409741710111973,0.37594877769939583,BLEND_SUSPECT;MULTI_MINIMA;SATURATED,2,2641,0.004
line_0337,Fe V,1639.7918,1640.0766729137945,0.021379196008083103,-0.22019159518233045,0.16771620280475158,1.0479680072371707,-0.010726293501060998,491.5794261830422,3.2771961745536147,-0.8382430552170378,11.140677837059236,0.20932776450934357,BLEND_SUSPECT;MULTI_MINIMA;SATURATED,2,3568,0.004
line_0338,Fe V,1643.4256,1643.4651706788975,0.0006060332693551553,-7.908430087477166,0.04208355155900529,1.0904251441469919,-0.08191182157081545,38992.4203732744,259.94946915516266,-0.13008735328850296,301.1391618763711,0.9724562929329301,BLEND_SUSPECT;MULTI_MINIMA;POOR_FIT;SATURATED,2,1635,0.004
line_0339,Fe V,1645.743,1646.0637475841374,0.008688782092696197,-0.5940435365094686,0.14054422585456428,2.9184335891957476,3.810749832316334,4382.862974741303,29.219086498275356,1.1461248200068204,19.642034517207577,0.37964381444787676,BLEND_SUSPECT;MULTI_MINIMA;POOR_FIT;SATURATED,2,1515,0.004
line_0340,Fe V,1648.74,1648.913107239304,0.0007940922373046136,-5.177056377530041,0.06048811384376925,1.11283354972796,0.02461734350626937,38741.48188736075,258.2765459157383,-0.08632084344501773,187.9075655918452,0.9774405971880709,BLEND_SUSPECT;MULTI_MINIMA;POOR_FIT;SATURATED,2,2580,0.004
line_0341,Fe V,1651.9301,,,,,,,,,,,,FIT_FAILED,0,1129,0.004
line_0342,Fe V,1652.528,1652.7218445819983,0.038540813582379284,-0.09964088058001985,0.26595216657523857,1.2494992534740033,-0.33763663225216983,131.77380496899696,0.8784920331266464,1.2107992203221012,3.504675986158502,0.16409707445911656,BLEND_SUSPECT;MULTI_MINIMA,2,1353,0.004
line_0343,Fe V,1654.7456,1654.9937490116595,0.011330445258590251,-0.43670756491082474,0.1692969466730926,2.4149332540664314,2.7218962764655608,4305.695744878009,28.704638299186723,1.071191536223557,16.691090388632954,0.45976262283239744,BLEND_SUSPECT;MULTI_MINIMA;POOR_FIT;SATURATED,2,1888,0.004
line_0344,Fe V,1659.894,1659.9808892630024,0.0012101524424176517,-2.579654823130125,0.11871393554421315,2.456413297067529,2.7026634855000187,30017.112102616586,200.11408068411058,0.3024142370891264,2579654.823130125,0.9914183784457468,BLEND_SUSPECT;MULTI_MINIMA;POOR_FIT;SATURATED,2,1870,0.004
line_0345,Fe V,1660.5473,1660.525456336148,0.0008381561145812675,-5.514967548765091,0.07778275348565565,2.637387620645816,-3.457504873306687,33476.37586687798,223.17583911251984,-0.223688291743968,197.84603965368603,0.980831755189593,BLEND_SUSPECT;MULTI_MINIMA;POOR_FIT;SATURATED,2,1969,0.004
line_0346,Fe V,1661.049,,,,,,,,,,,,FIT_FAILED,0,1881,0.004
line_0347,Fe V,1662.738,1662.8497048828137,0.013826888677004882,-0.4303066621763262,0.09968801702049819,1.0385225336502526,0.012828252221429474,385.7661636439726,2.571774424293151,-1.0971516029728365,13.93024958607086,0.26330944097160164,BLEND_SUSPECT;MULTI_MINIMA;SATURATED,2,793,0.004
line_0348,Fe V,1668.925,1669.1904502240216,0.021554731608609014,-0.3534863126716772,0.16983667146515874,1.892504078409213,1.7238607246509154,996.0162847424003,6.640108564949336,1.101068539381581,10.693715777115848,0.35855770856434555,BLEND_SUSPECT;MULTI_MINIMA;SATURATED,2,2360,0.004
line_0349,Fe V,1676.438,1676.4464909957994,0.02039410064191841,-0.40297784951979576,0.1771506756926662,2.132336273180242,-2.1689720741019722,1627.9654473447672,10.853102982298449,-1.0691074978698731,11.873796878970083,0.4036399796613745,BLEND_SUSPECT;MULTI_MINIMA;SATURATED,2,559,0.007
