line_id,species,lambda0_ang,q_cm1,lambda0_unc_ang,converged,flags,lambda_obs,sigma_lambda_obs,depth,width,depth_err,chi2_local,reduced_chi2_local,dof_local,n_components,best_k,delta_bic_vs_k1,asymmetry,snr,window_contam
line_0001,Ni V,1167.102,2415,0.005,True,,1166.857017117532,0.00841009235835571,0.8336967844676703,0.4999999999999656,0.04386528660047306,305.3778768643326,3.053778768643326,100.0,1.0,1.0,0.0,0.7024171579439658,19.005843779410743,0.0
line_0003,Ni V,1185.944,3588,0.005,True,,1185.8751479202929,0.029099197429487626,0.5396471247208479,0.325806631024578,0.13287902572494212,599.6655845425207,5.996655845425207,100.0,1.0,1.0,0.0,0.10879211651615972,4.061191160732248,0.0
line_0004,Fe V,1195.0981,3503,0.004,True,BLEND_RESOLVED,1194.8999506987097,0.009412394388449569,0.15757120449937526,0.13371158337046768,0.015404273817360545,205.03259725720466,2.0921693597673943,98.0,2.0,2.0,242.06774450709332,0.02567077256136936,10.22905762177463,0.3333333333333333
line_0005,Ni V,1195.189,3065,0.002,True,BLEND_RESOLVED,1194.8916000000002,0.006952162260034445,0.47099132810887695,0.16391435184070227,0.02061217471426657,257.6135133414755,2.6287093198109743,98.0,2.0,2.0,156.13136617391206,1.846611464279285,22.850152137653076,0.3333333333333333
line_0006,Ni V,1198.519,3739,0.002,True,BLEND_MODELED,1198.6621026057212,0.005598025540838349,0.8638559582712528,0.4999999999990005,0.021723411597595235,330.3156058340507,3.370567406469905,98.0,2.0,2.0,3062.462760017212,0.07439678709817805,39.76612763562796,0.3333333333333333
line_0007,Fe V,1198.5945,4284,0.004,True,BLEND_MODELED,1198.6729407478551,0.005673464860385663,0.8447031092151306,0.49999999999999994,0.05935312973461328,163.4528735662406,1.667886464961639,98.0,2.0,2.0,484.3346044509264,0.07273061456846182,14.231820849078504,0.3333333333333333
line_0009,Ni V,1202.034,3605,0.005,True,BLEND_MODELED,1202.0666930052985,0.013659134707318684,0.4534716350920191,0.24265189866310294,0.07711540744673931,371.0835879175811,3.7483190698745568,99.0,2.0,2.0,134.83155968382493,0.21418740987611506,5.880428439740979,0.3333333333333333
line_0010,Ni V,1204.727,2833,0.002,True,,1204.4359472660299,0.006332160096833699,0.8331321524419825,0.49999999999999994,0.01964351694942803,309.75978880018533,3.0975978880018533,100.0,1.0,1.0,0.0,1.905849067526392,42.412575843056516,0.0
line_0011,Fe V,1207.1183,2538,0.004,True,,1207.063046652426,0.024861080131436574,0.628167091096307,0.49999999999999994,0.1335293699363573,254.04767721596875,2.5153235367917697,101.0,1.0,1.0,0.0,0.4884740474934749,4.704336517095105,0.0
line_0012,Fe V,1208.2606,2890,0.004,True,,1208.6477348777958,0.006725728800668385,0.835797739216672,0.49999999999999983,0.06462381828359713,946.4179693644642,9.464179693644642,100.0,1.0,1.0,0.0,0.6279845904941697,12.933276946726233,0.0
line_0014,Fe V,1217.9973,3595,0.004,True,,1218.1473452773728,0.013485993757485902,0.7004440157749855,0.4999999999999814,0.10506680194180253,743.3923957129308,7.433923957129308,100.0,1.0,1.0,0.0,0.13082853870419967,6.666654003259449,0.0
line_0015,Fe V,1224.4142,1613,0.004,True,,1224.325441006166,0.0200775096099327,0.6170064665771658,0.4847891857344231,0.11011592232774789,113.18342066765085,1.1206279274024837,101.0,1.0,1.0,0.0,0.03167217749975831,5.603244776361353,0.0
line_0016,Fe V,1228.1263,2799,0.004,True,,1227.9289017125845,0.0070149351493448584,0.8036183289281357,0.49999999999999983,0.06511970813342109,486.33208796207833,4.863320879620783,100.0,1.0,1.0,0.0,0.42150735462612016,12.3406316146509,0.0
line_0018,Ni V,1234.397,2256,0.002,True,BLEND_MODELED,1234.4643444709682,0.0078858061492875,0.2766117820917119,0.11346502439665991,0.023369974714542382,425.43755363480864,4.431641183695923,96.0,3.0,3.0,461.2916796861893,0.1057398002850971,11.836203738790752,0.6666666666666666
line_0019,Ni V,1234.584,3628,0.002,True,BLEND_RESOLVED,1234.725076884789,0.005186378313655519,0.14475827848686426,0.0885734196273784,0.007008381238113707,456.09488164416376,4.654029404532284,98.0,2.0,2.0,254.5568522600709,0.1938906670671433,20.655023402497676,0.3333333333333333
line_0020,Fe V,1234.6455,2338,0.004,True,BLEND_RESOLVED,1234.7414921499233,0.002846725367880942,0.14455086555974286,0.03902627720411364,0.007844356463373878,359.02672173057255,3.739861684693464,96.0,3.0,3.0,1623.913238679232,0.10973505036665293,18.42737084102004,0.6666666666666666
line_0021,Ni V,1235.838,3429,0.002,True,,1236.1528761773611,0.0259609194023421,0.807101058361197,0.49999999999990524,0.2280102783681048,2156.120993518907,21.561209935189073,100.0,1.0,1.0,0.0,0.2680751103057208,3.5397573483867046,0.0
line_0022,Ni V,1237.205,2590,0.002,True,,1236.9708274977495,0.004808144158033072,0.8340018275935838,0.4999999999999993,0.03510440281710232,640.2566167044848,6.339174422816681,101.0,1.0,1.0,0.0,0.963925358276226,23.75775574188862,0.0
line_0023,Ni V,1241.333,2656,0.005,True,BLEND_RESOLVED,1241.4976036515468,0.011676242325488806,0.06204827038206277,0.06652549543616351,0.009024272526232155,446.57483803216684,4.651821229501738,96.0,3.0,3.0,459.44185482601665,0.09719120618981573,6.875708839875803,0.6666666666666666
line_0024,Ni V,1241.64,3610,0.002,True,BLEND_RESOLVED,1241.5303416263368,0.004650245481107752,0.06838823993739342,0.022345176971544974,0.012240122135329046,512.8303349221409,5.341982655438968,96.0,3.0,3.0,8.857562136125694,0.02843372439560244,5.5872187533163835,0.6666666666666666
line_0025,Ni V,1241.988,2687,0.002,True,BLEND_RESOLVED,1242.077322181975,0.025574160654530675,0.25930442409457805,0.18998971968552755,0.12372777712945578,656.1250662476762,6.834636106746626,96.0,2.0,3.0,284.3738536854163,0.04459996363715454,2.0957656405907064,0.3333333333333333
line_0026,Ni V,1243.504,2377,0.002,True,BLEND_RESOLVED,1243.5547866337574,0.009146604924409754,0.13357799290387212,0.10013790407880292,0.008644748047352189,285.84946453583314,2.9469016962457024,97.0,3.0,3.0,3578.1355601553855,0.11022103183780037,15.451924355943017,0.6666666666666666
line_0027,Ni V,1244.026,2597,0.005,True,BLEND_RESOLVED,1244.2874075521306,0.0005573016232564606,0.34073122206204737,0.01782091508472714,0.00861574486560299,480.6998840176507,5.007290458517194,96.0,3.0,3.0,8998.801438093928,0.6691166009331976,39.547506034256344,0.6666666666666666
line_0028,Ni V,1244.788,3512,0.004,True,BLEND_RESOLVED,1245.0628521964788,0.00402000908777995,0.07177527602308019,0.020366464478593867,0.011771840714152548,489.99552764692663,5.051500285019862,97.0,2.0,3.0,225.69525863938543,0.1082891780890511,6.097200749309262,0.3333333333333333
line_0029,Ni V,1246.365,3457,0.005,True,BLEND_RESOLVED,1246.4588791130125,0.0075719482374320786,0.04846705956699362,0.06897066032903429,0.003643661091264615,114.40644015419481,1.1917337516061959,96.0,3.0,3.0,11.862571460436953,0.03613533569263055,13.301747432874452,0.6666666666666666
line_0030,Ni V,1246.549,2296,0.005,True,BLEND_RESOLVED,1246.6803983393888,0.009226724097224274,0.08714475563249267,0.0989262838002488,0.00964476559011243,126.13950698729788,1.3139531977843528,96.0,3.0,3.0,744.9575676840894,0.12032760173980406,9.035445684841866,0.6666666666666666
line_0033,Fe V,1250.735,2380,0.004,True,BLEND_RESOLVED,1250.6529612022375,0.005826397596655146,0.04466442953056132,0.01602207861250751,0.012571833864641363,944.8319864892686,9.841999859263215,96.0,3.0,3.0,131.19894688028364,0.26164254428173217,3.552737811480415,0.6666666666666666
line_0034,Ni V,1251.835,3583,0.002,True,BLEND_MODELED,1251.964055221571,0.011608780977066694,0.6526754749191095,0.22628514571557884,0.19338278474902512,1553.0929180679027,16.178051229873986,96.0,3.0,3.0,778.5769126940022,0.30447000597647034,3.3750443493000724,0.6666666666666666
line_0035,Ni V,1252.075,2727,0.005,True,BLEND_RESOLVED,1252.1138710296766,0.006852177352935305,0.1045257599309683,0.045491039019802865,0.01196898101156353,1255.663439533148,13.079827495136959,96.0,3.0,3.0,1918.1445005930345,0.05957420272790717,8.733054203192683,0.6666666666666666
line_0036,Ni V,1252.281,3105,0.004,True,BLEND_RESOLVED,1252.3794379102485,0.0024934270082996616,0.0699831119449358,0.022045512469077214,0.0058956979193282725,169.1670723215222,1.7439904363043526,97.0,3.0,3.0,541.3666496791999,0.20339522053630368,11.870199746073377,0.6666666666666666
line_0037,Ni V,1253.663,3570,0.004,True,BLEND_MODELED,1253.8655672233176,0.00618293874892919,0.7612136280380254,0.2621031619450738,0.17271602677236864,1289.50462857125,13.43233988095052,96.0,3.0,3.0,694.8300543229573,0.06615921627142744,4.407313219642715,0.6666666666666666
line_0038,Ni V,1254.197,4221,0.002,True,,1254.0977896667596,0.003053753019004731,0.11808566485555477,0.02065017122168859,0.015280894589829251,1380.4375614601272,14.23131506659925,97.0,1.0,3.0,1064.2940994725577,0.7225957989212761,7.727667000212863,0.0
line_0039,Ni V,1254.866,2171,0.005,True,BLEND_MODELED,1254.7564028413883,0.04529976990653746,0.6759572338133458,0.4999999999999924,0.2645082220751989,188.34301563982697,1.9024547034325956,99.0,2.0,2.0,368.44992623902385,0.21760096578154092,2.5555244691833177,0.3333333333333333
line_0041,Ni V,1256.916,3531,0.002,True,,1257.0370813605416,0.015616444459773119,0.07223679685972072,0.21842816476107418,0.010053479395897088,133.7857772450886,1.337857772450886,100.0,1.0,1.0,0.0,0.1627932472448955,7.185253384932701,0.0
line_0042,Ni V,1257.637,3765,0.004,True,,1257.7356448668186,0.0008061757373018796,0.248239120984215,0.019533484730837044,0.008653670545614165,448.8074219766483,4.488074219766483,100.0,1.0,1.0,0.0,0.03298723737288184,28.685991646634502,0.0
line_0043,Ni V,1258.024,3088,0.002,True,BLEND_RESOLVED,1258.121609587038,0.004202699785381929,0.07834483529649215,0.019710359299656786,0.01418358040934368,1326.5764028760145,13.81850419662515,96.0,2.0,3.0,505.20682264642915,0.010709743653047164,5.52362894526132,0.3333333333333333
line_0044,Ni V,1259.592,3728,0.004,True,BLEND_MODELED,1259.58612856397,0.011499540276733824,0.35714237583490716,0.11728906102541585,0.0772201009236329,737.3945056279531,7.60200521265931,97.0,3.0,3.0,246.0593112287081,0.014521150034853101,4.624992347369559,0.6666666666666666
line_0045,Ni V,1259.727,2197,0.004,True,BLEND_RESOLVED,1259.8091318399304,0.009381976323309464,0.1809584588220621,0.09325123806543953,0.012777208113488325,680.6038765187701,7.089623713737189,96.0,3.0,3.0,380.52090753518485,0.10927502098830118,14.162597745514718,0.6666666666666666
line_0046,Ni V,1261.118,3038,0.005,True,BLEND_MODELED,1261.2099069392066,0.012496703838176703,0.15133600520887816,0.10392291578633236,0.015660268335949284,623.2424114484627,6.492108452588153,96.0,3.0,3.0,308.6841389827473,0.007381914865421239,9.663691704533273,0.6666666666666666
line_0047,Ni V,1261.341,3353,0.005,True,,1261.0420000000001,0.04007451768479612,0.108424700363903,0.08453085320544569,0.017958069452875855,862.4864618769906,8.539469919574165,101.0,1.0,1.0,0.0,1.1850373513287515,6.037659039487654,0.0
line_0048,Ni V,1261.437,3533,0.005,True,BLEND_RESOLVED,1261.4453808934477,0.005946308163264182,0.0880153212625924,0.017768826853289798,0.02308566758568859,2256.377478095798,23.503932063497896,96.0,3.0,3.0,340.81780284911156,0.16387052932031174,3.812552569073437,0.6666666666666666
line_0049,Ni V,1261.758,3254,0.004,True,BLEND_RESOLVED,1261.8676759358548,0.0038485251244697654,0.16735923184873955,0.05103253461831206,0.009174976931342569,1372.8616247386765,14.153212626171923,97.0,3.0,3.0,5633.183585533244,0.05835955573226971,18.240834075236194,0.6666666666666666
line_0051,Ni V,1264.264,1955,0.005,True,BLEND_RESOLVED,1264.5256185152346,0.011532431724243395,0.05859596215638276,0.030971280742875695,0.016439944297320777,1787.8090773633062,18.62301122253444,96.0,3.0,3.0,12168.10893941669,0.18278443415778575,3.564243351233992,0.6666666666666666
line_0052,Ni V,1264.755,2678,0.005,True,BLEND_RESOLVED,1264.8685504177379,0.007572593557164674,0.31671265071880905,0.08981587759212156,0.017804654411679742,2850.7569934407315,29.695385348340952,96.0,3.0,3.0,12519.965239963629,0.014732244979872754,17.78819422134066,0.6666666666666666
line_0053,Ni V,1265.667,3779,0.005,True,BLEND_RESOLVED,1265.76863204216,0.0015113568399002875,0.17256744672731078,0.02035923832562335,0.009612623621097532,740.7609068675375,7.716259446536849,96.0,3.0,3.0,498.5965953592996,0.15392902714309073,17.952169306677558,0.6666666666666666
line_0054,Ni V,1265.876,3068,0.002,True,BLEND_RESOLVED,1265.9765164858504,0.004135687683497921,0.05882634783515659,0.018637865793793187,0.009777957086720497,763.809566058983,7.95634964644774,96.0,3.0,3.0,794.5016953095682,0.19222506003554687,6.016220700646049,0.6666666666666666
line_0055,Ni V,1266.403,3127,0.004,True,BLEND_RESOLVED,1266.509224363543,0.0008263200826316599,0.2109761177006057,0.019174281915056046,0.007646149669127462,434.5455101837085,4.526515731080297,96.0,3.0,3.0,4518.65888303105,0.14281357608159542,27.592465074605474,0.6666666666666666
line_0056,Fe V,1266.5218,3653,0.004,True,BLEND_MODELED,1266.6266880997564,0.006570883109801231,0.02700579009832807,0.018500765656301463,0.007264480440830694,398.75471365579824,4.153694933914565,96.0,3.0,3.0,38.069712421428676,0.0756731853281345,3.7175115713079068,0.6666666666666666
line_0057,Ni V,1268.182,1979,0.002,True,BLEND_RESOLVED,1268.2550304283652,0.007875673538593236,0.102470602331607,0.08649759875123289,0.009139011041698892,217.66653624303382,2.2673597525316023,96.0,3.0,3.0,472.3960354281769,0.012231068466014431,11.212438836550337,0.6666666666666666
line_0059,Ni V,1269.384,4191,0.005,True,,1269.4916011362209,0.015127254682236819,0.11551184857976353,0.267826869670677,0.020802417207380908,243.05016453794323,2.430501645379432,100.0,1.0,1.0,0.0,0.09558316420559525,5.552808956200472,0.0
line_0060,Fe V,1269.7855,3697,0.004,True,,1269.9662387916037,0.01766416448248714,0.08323061775357916,0.2458643840920738,0.011998399048335917,122.28312112353895,1.2228312112353894,100.0,1.0,1.0,0.0,0.013837107788973686,6.936810270960491,0.0
line_0062,Fe V,1270.4713,3444,0.004,True,BLEND_RESOLVED,1270.5759881891272,0.00676181972652717,0.11181774377685866,0.06595320224797802,0.010108580606810436,1382.2966295099995,14.398923224062495,96.0,3.0,3.0,2687.2875044560924,0.047138510353092376,11.06166613555259,0.6666666666666666
line_0063,Ni V,1273.817,4084,0.004,True,,1273.8731643499482,0.011981328342692839,0.15310493909343145,0.21871156293134472,0.01536169677646957,686.9857919182698,6.869857919182698,100.0,1.0,1.0,0.0,0.3066586639292032,9.966668482087957,0.0
line_0066,Ni V,1276.632,4042,0.005,True,BLEND_RESOLVED,1277.0481994442741,0.0035955324608862656,0.226737817080682,0.052527286953641845,0.0180682357882083,2943.01960618583,30.030812308018675,98.0,2.0,2.0,2662.18030712575,0.007834911529696127,12.548973775771497,0.3333333333333333
line_0067,Ni V,1278.872,2862,0.004,True,,1278.9856324982084,0.004665206403009698,0.024065252225410734,0.010000000000006516,0.00975819563267664,171.4996465982638,1.698016302953107,101.0,1.0,1.0,0.0,0.2736816968321515,2.466158000032811,0.0
line_0068,Fe V,1279.5917,2748,0.004,True,BLEND_RESOLVED,1279.6930658535948,0.002825656416098685,0.05915707321665159,0.018617008026800937,0.006653507180985668,217.25975008009536,2.26312239666766,96.0,3.0,3.0,1572.5543765516968,0.22736404226955026,8.891111350373249,0.6666666666666666
line_0069,Fe V,1280.4678,2373,0.004,True,BLEND_RESOLVED,1280.5707175136276,0.0011885915719640784,0.11762054909321416,0.019819407305233076,0.005615897683460125,143.6692559895602,1.4512046059551538,99.0,2.0,2.0,740.9229130698532,0.0830866385272936,20.944211544243196,0.3333333333333333
line_0070,Fe V,1280.648,3705,0.004,True,,1280.5707542963753,0.0009483817315449139,0.1250747962503636,0.01753548489946384,0.0058193214695564065,118.90362786800236,1.1890362786800237,100.0,1.0,1.0,0.0,0.3798173105645956,21.493020604668153,0.0
line_0071,Fe V,1281.3672,3640,0.004,True,BLEND_RESOLVED,1281.4434253344762,0.012924000747778998,0.08169768536728654,0.13981032429452264,0.025046044610953316,194.55162016720388,1.98522061395106,98.0,2.0,2.0,39.43778937674014,0.2908110805027432,3.261899698587853,0.3333333333333333
line_0072,Fe V,1281.6471,3128,0.004,True,BLEND_RESOLVED,1281.7159739857907,0.009723204703865975,0.08262273293856669,0.10009013313024792,0.013493512612367874,156.8212512586578,1.633554700611019,96.0,3.0,3.0,690.995205796676,0.09800327160486805,6.123144900226825,0.6666666666666666
line_0073,Fe V,1282.0587,3055,0.004,True,BLEND_RESOLVED,1282.1475911449095,0.0063447465247869015,0.12243971623795946,0.081198235072451,0.005860909616843181,397.38923533602184,4.139471201416894,96.0,3.0,3.0,233.4442253250793,0.06375586709833561,20.890906743569317,0.6666666666666666
line_0074,Ni V,1283.186,2667,0.005,True,,1283.6823999999997,0.013142947250871064,0.2179772310356039,0.13382108282498417,0.009627825776156878,264.78181455100975,2.6478181455100973,100.0,1.0,1.0,0.0,1.3212760601007962,22.640338130694083,0.0
line_0075,Fe V,1284.108,2596,0.004,True,BLEND_RESOLVED,1284.2131618189144,0.006395098500006802,0.02863055220788732,0.016795578840868363,0.008073394712692238,290.1713068208917,2.991456771349399,97.0,3.0,3.0,388.7803247412223,0.4268942661279915,3.546284212126658,0.6666666666666666
line_0076,Ni V,1284.475,2751,0.005,True,BLEND_RESOLVED,1284.6010533724898,0.011579812366951553,0.1332625115583684,0.10073435739521484,0.015385850953403293,331.5613280858056,3.4537638342271415,96.0,3.0,3.0,144.13973245165465,0.27310454465644957,8.661367639785386,0.6666666666666666
line_0077,Fe V,1285.915,3386,0.004,True,BLEND_RESOLVED,1285.8637435893859,0.00897065314735484,0.11031638146221748,0.09972162624351129,0.017628064688673555,543.5274192810184,5.661743950843942,96.0,3.0,3.0,673.7261601244036,0.12247258649836965,6.257997313403232,0.6666666666666666
line_0078,Ni V,1287.571,5009,0.002,True,BLEND_RESOLVED,1287.6931406626104,0.006318196299125755,0.09964502238388752,0.08649153482787697,0.006953829049402285,180.29390433985608,1.8780615035401675,96.0,3.0,3.0,72.93580790218721,0.1921073429920255,14.329518553875362,0.6666666666666666
line_0079,Ni V,1287.807,2642,0.005,True,BLEND_RESOLVED,1287.9342950939092,0.006189041367105791,0.06160617880980252,0.04932306588840912,0.005946054373559832,327.6754713255401,3.413286159641043,96.0,3.0,3.0,119.51712093085712,0.07433367218272355,10.360850227630804,0.6666666666666666
line_0080,Fe V,1288.1681,2387,0.004,True,,1288.26842797337,0.0013281571440518307,0.09654287363207785,0.016631482496794407,0.0066245424539447964,149.72397828596573,1.559624773812143,96.0,1.0,3.0,431.7559785521555,0.07543685024648579,14.573515726295678,0.0
line_0081,Fe V,1288.7231,3436,0.004,True,,1288.6186423924628,0.00507504815806816,0.021256939544976386,0.01000000000967613,0.009615467141689055,228.8472036395841,2.288472036395841,100.0,1.0,1.0,0.0,0.8346266203044979,2.21070273880031,0.0
line_0082,Fe V,1289.5369,2798,0.004,True,,1289.8646196748484,0.03161369060000765,0.6300791360438476,0.4999999998640105,0.18962442065468474,363.516306232402,3.6351630623240196,100.0,1.0,1.0,0.0,0.6243719644047947,3.322774217943438,0.0
line_0083,Ni V,1290.397,2290,0.002,True,BLEND_RESOLVED,1290.250448111277,0.0038095779280452264,0.10099552845052956,0.06385415829335984,0.005081405594035758,153.7457635121485,1.5688343215525358,98.0,2.0,2.0,176.5839956943852,0.04551566081285514,19.87551014803304,0.3333333333333333
line_0084,Fe V,1291.1881,2472,0.004,True,,1291.4029078965375,0.035669462969015624,0.5118952641437364,0.49617301813259684,0.1752074077719206,452.54155467046155,4.5254155467046155,100.0,1.0,1.0,0.0,0.15762554407437354,2.92165308906405,0.0
line_0085,Fe V,1293.127,2635,0.004,True,BLEND_MODELED,1293.1877310638088,0.011165804803843814,0.20714244938702236,0.12038606812559909,0.02090989888029316,448.653735557681,4.673476412059177,96.0,3.0,3.0,522.7658268086861,0.004550565102402964,9.906429991502579,0.6666666666666666
line_0086,Fe V,1293.3059,2665,0.004,True,BLEND_MODELED,1293.4440983607258,0.006004551113655007,0.10748099847068505,0.0799745152905758,0.011406592691160029,415.45688811614906,4.327675917876553,96.0,3.0,3.0,372.0258542774877,0.020805805970678378,9.42270854941472,0.6666666666666666
line_0087,Fe V,1297.5453,1691,0.004,True,,1297.4833185851182,0.021177000660955014,0.6851259349697966,0.4804423836361865,0.12967741838670716,1098.4763972498304,10.984763972498303,100.0,1.0,1.0,0.0,0.17179077956874733,5.28330948821562,0.0
line_0088,Ni V,1298.732,3419,0.002,True,BLEND_RESOLVED,1298.8491232691135,0.005468446106868112,0.15044694633617922,0.08776045764278985,0.006422629851930734,235.4152575379897,2.452242266020726,96.0,3.0,3.0,95.35177795592614,0.1657400244870645,23.424508309622222,0.6666666666666666
line_0089,Fe V,1300.6095,1776,0.004,True,BLEND_RESOLVED,1300.6438686500737,0.0162317102111215,0.19613950333192842,0.1507547350733035,0.024007560334899335,1665.1624179334858,16.991453244219244,98.0,2.0,2.0,1332.3278875638011,0.0008060792971043756,8.169905671206589,0.3333333333333333
line_0090,Fe V,1300.845,3149,0.004,True,BLEND_RESOLVED,1301.0877145197744,0.0017076937419358757,0.15293693909435002,0.020858138847287183,0.010277475132470975,892.6135257806329,9.298057560214927,96.0,3.0,3.0,3122.5267012190925,0.22772953354708558,14.880789019002956,0.6666666666666666
line_0093,Fe V,1303.4853,2375,0.004,True,BLEND_RESOLVED,1303.6110497746997,0.0027815284839000447,0.1940843830624584,0.06990952337024946,0.00551250977395869,327.57768101012897,3.412267510522177,96.0,3.0,3.0,402.9961070952379,0.08610077550158422,35.20798892354269,0.6666666666666666
line_0095,Fe V,1305.9674,3143,0.004,True,BLEND_MODELED,1306.1504645052796,0.014202069338749663,0.42656058202499525,0.1394398614613838,0.1935775913297655,2900.4996382618456,30.21353789856089,96.0,3.0,3.0,996.216488635886,0.1494086026584147,2.203563847937006,0.6666666666666666
line_0096,Fe V,1306.0803,2541,0.004,True,BLEND_RESOLVED,1306.1818855138495,0.0026999522418420835,0.20068805151696356,0.042770202915573916,0.009430880370636295,1513.6457411209476,15.767143136676538,96.0,3.0,3.0,8173.146888231845,0.027372642377541143,21.279885188854674,0.6666666666666666
line_0098,Fe V,1307.4242,2311,0.004,True,BLEND_RESOLVED,1307.4749414237072,0.0185126451892652,0.0923425310215668,0.07201716008077395,0.016032967299536034,2451.4211314155136,25.535636785578266,96.0,3.0,3.0,2849.997037421389,0.01681177629313169,5.7595409069560715,0.6666666666666666
line_0099,Ni V,1307.599,1384,0.002,True,BLEND_MODELED,1307.6380668632903,0.024490177183429628,0.1713464679650968,0.10147720083907791,0.04633858923454097,2750.8533648803327,28.654722550836798,96.0,3.0,3.0,1691.4460763326665,0.09558693443335196,3.6977057522798833,0.6666666666666666
line_0100,Fe V,1310.751,3286,0.004,True,BLEND_RESOLVED,1310.8624225492,0.004818066282446068,0.03004565540305601,0.013733418574816959,0.007770269150515842,220.5148847213411,2.2274230779933446,99.0,2.0,2.0,710.6006016206229,0.15681268244355195,3.8667457743161164,0.3333333333333333
line_0101,Fe V,1311.2378,2389,0.004,True,BLEND_RESOLVED,1311.3476657840545,0.002476685557894021,0.07834113941658946,0.01919223695148855,0.00754681014794092,289.2769232502817,2.9822363221678527,97.0,3.0,3.0,328.0900731285462,0.02008220631253972,10.380695668879936,0.6666666666666666
line_0103,Fe V,1311.829,1616,0.004,True,BLEND_RESOLVED,1311.934193954534,0.003259362554783077,0.14130488181663073,0.029080987021231724,0.012760630026358048,1104.0061305046395,11.500063859423328,96.0,3.0,3.0,1619.110774320273,0.1746251239278943,11.073503543692967,0.6666666666666666
line_0104,Ni V,1313.306,2056,0.002,True,BLEND_RESOLVED,1313.411416074536,0.0005585214271881682,0.15507023847805768,0.01605472427188701,0.004690679352593794,108.79687553934288,1.133300786868155,96.0,2.0,3.0,86.15382081550337,0.09747314954027705,33.059228060922315,0.3333333333333333
line_0105,Fe V,1313.5851,2507,0.004,True,BLEND_RESOLVED,1313.6987415542312,0.0024164375530300237,0.04253643398449962,0.015899553945823337,0.004797956952919215,168.5887409610083,1.7561327183438367,96.0,2.0,3.0,117.85743973564178,0.2643047050335585,8.865530558505581,0.3333333333333333
line_0106,Fe V,1314.5256,2920,0.004,True,BLEND_RESOLVED,1314.4327601783596,0.009380446802432066,0.10337015877268835,0.07130251625399116,0.011814736482490507,1906.196241040351,19.856210844170324,96.0,3.0,3.0,19683.132400194558,0.054562552910942745,8.749256399064286,0.6666666666666666
line_0108,Ni V,1317.445,3366,0.002,True,,1317.5067040000285,0.01489891337354682,0.17889178579302614,0.20407697972486052,0.021338344900171363,2015.5416068446705,20.155416068446705,100.0,1.0,1.0,0.0,0.3567584787816518,8.383583011238585,0.0
line_0110,Ni V,1318.511,2643,0.002,True,BLEND_RESOLVED,1318.4469612661405,0.0044809123301964866,0.1953268009005026,0.03590433127476156,0.02195473007917908,4773.727249307119,49.21368298254762,97.0,3.0,3.0,2108.057908691907,0.051886916821879965,8.896798102097467,0.6666666666666666
line_0111,Ni V,1319.752,2949,0.005,True,,1319.798238688554,0.021190349974205675,0.30549595558013204,0.44759099064936864,0.08331056250539243,84.80632976199946,0.8480632976199947,100.0,1.0,1.0,0.0,0.10655772901125574,3.6669534617577244,0.0
line_0112,Fe V,1320.4116,2419,0.004,True,BLEND_RESOLVED,1320.518060275856,0.0009975415077001116,0.2561656537576212,0.021032747005092348,0.009307925551669545,459.9310917152877,4.790948872034247,96.0,3.0,3.0,645.9947818226947,0.060904618526892586,27.52124008036068,0.6666666666666666
line_0113,Ni V,1320.715,2378,0.002,True,BLEND_MODELED,1320.8212743113313,0.0014927390192359543,0.16132557512689977,0.017878387383907006,0.011265563492663942,524.6336842229578,5.408594682710905,97.0,3.0,3.0,1414.1893838201222,0.03144272329222983,14.320240193218376,0.6666666666666666
line_0114,Ni V,1320.901,2650,0.005,True,BLEND_RESOLVED,1321.0022719813464,0.00540190989942122,0.03764327833559141,0.020247039461249276,0.00745488759507358,334.235795053687,3.481622865142573,96.0,3.0,3.0,100.4242210942266,0.12186373876214142,5.049476314098586,0.6666666666666666
line_0115,Ni V,1321.251,2976,0.005,True,BLEND_RESOLVED,1321.445892796423,0.004036933325082446,0.12255970941136592,0.015099070864300946,0.02713284886411084,3683.6637453915646,38.3714973478288,96.0,3.0,3.0,886.2521560946807,0.14608966245385047,4.51702325934075,0.6666666666666666
line_0116,Fe V,1321.3424,2588,0.004,True,BLEND_RESOLVED,1321.4458952415773,0.0015601287170232269,0.1385135289622449,0.014905464392864673,0.010981511729602189,729.2282252265735,7.596127346110141,96.0,3.0,3.0,1337.5538789921507,0.12899305139071474,12.6133388892954,0.6666666666666666
line_0117,Fe V,1321.4905,2559,0.004,True,BLEND_RESOLVED,1321.5870773369413,0.009597481969987439,0.19174083019330534,0.08181790492384411,0.024813454799918276,3953.634257611081,40.7591160578462,97.0,3.0,3.0,1106.0004434790267,0.11735916855542068,7.727292782862984,0.6666666666666666
line_0118,Fe V,1321.8507,2296,0.004,True,BLEND_RESOLVED,1321.9340306652457,0.00746860431521183,0.06855028682707769,0.05790135244513439,0.010329316263388696,868.974936069356,9.051822250722457,96.0,3.0,3.0,1078.6350691456564,0.09661088669196048,6.636478647676596,0.6666666666666666
line_0119,Fe V,1323.0938,3435,0.004,True,BLEND_RESOLVED,1323.1611303500229,0.006848213567847726,0.23646170664703106,0.0789679952379586,0.01359457780333221,1683.5568929320852,17.356256628165827,97.0,3.0,3.0,2114.340748810772,0.03279417377570716,17.393824954907476,0.6666666666666666
line_0120,Fe V,1323.2693,2831,0.004,True,BLEND_RESOLVED,1323.3825132061959,0.003949553558535784,0.38015209886344287,0.08845546669645825,0.014305620149237643,1747.2271965456735,18.200283297350765,96.0,3.0,3.0,2095.518244842729,0.1293623632869791,26.57361896217421,0.6666666666666666
line_0121,Ni V,1325.094,2439,0.008,True,,1325.279258446071,0.020123924871054664,0.022402200252710155,0.12655458543708148,0.0031283047137656544,186.90365837223564,1.8690365837223564,100.0,1.0,1.0,0.0,0.015016227778864967,7.161131124513702,0.0
line_0122,Fe V,1325.7838,2978,0.004,True,,1325.9993702165614,0.02334048296184263,0.5304370584234124,0.49999999999852507,0.14127450275262038,455.73177315323034,4.512195773794359,101.0,1.0,1.0,0.0,0.05693031176960195,3.754655285194934,0.0
line_0123,Fe V,1327.1006,3006,0.004,True,,1327.1577186091451,0.011922648512219934,0.04112818490374307,0.12222427224696697,0.0034694765940580696,191.33972504296435,1.9133972504296435,100.0,1.0,1.0,0.0,0.10928376869230619,11.854290925086637,0.0
line_0126,Fe V,1331.639,2311,0.004,True,,1331.814742024538,0.017415180020837563,0.4500874058743448,0.32734519587035077,0.07029536598839928,942.3626475220325,9.423626475220324,100.0,1.0,1.0,0.0,0.25919805695571374,6.402803364714282,0.0
line_0128,Ni V,1333.964,3464,0.002,True,BLEND_MODELED,1334.0217248696854,0.009551272604080983,0.46316498415214463,0.2764456212344937,0.18465942751268585,345.4612717877933,3.5251150182427886,98.0,2.0,2.0,91.34715598967438,0.22594649930382665,2.508211957498492,0.3333333333333333
line_0129,Fe V,1336.0377,3442,0.004,True,BLEND_MODELED,1336.2602040662834,0.018626009709547475,0.6901424632425256,0.20395431426365732,0.24997813543997222,798.9844766373931,8.322754964972845,96.0,3.0,3.0,14464.062787075036,0.001527496201864772,2.7608113086684374,0.6666666666666666
line_0131,Fe V,1337.2869,2724,0.004,True,,1337.0650261306298,0.005438996008390358,0.8500201820081128,0.4999999999999845,0.03126047448909642,405.39276447903916,4.053927644790392,100.0,1.0,1.0,0.0,0.7579448250420016,27.191531667396728,0.0
line_0132,Fe V,1338.8076,2389,0.004,True,BLEND_MODELED,1338.9527222397887,0.05803539686164059,0.43558787343248884,0.16711031181497707,0.123732192757678,1206.2402139104825,12.43546612278848,97.0,3.0,3.0,732.1557558775135,0.11302729338558042,3.5204085834440946,0.6666666666666666
line_0133,Ni V,1339.065,3308,0.01,True,BLEND_MODELED,1339.1360784766264,0.004889191552894535,0.5422441342033898,0.14542205007121664,0.013281795014757807,670.5835484812725,6.9852452966799214,96.0,3.0,3.0,3842.275288689889,0.03372576336145895,40.8261182770014,0.6666666666666666
line_0134,Fe V,1339.69,3128,0.004,True,,1339.9279138896634,0.008201110007754761,0.4739863136092175,0.2503115354555832,0.01551203124584323,641.7490166737824,6.3539506601364595,101.0,1.0,1.0,0.0,0.004697980161696135,30.55604427925788,0.0
line_0135,Ni V,1340.353,3092,0.002,True,,1340.4704175597751,0.010901365511448786,0.524250094268017,0.49999999999999994,0.1144982715013,137.10563894714582,1.3710563894714582,100.0,1.0,1.0,0.0,0.07304771943770452,4.578672563297733,0.0
line_0136,Ni V,1341.068,3093,0.002,True,,1341.1831726785529,0.016320269511221345,0.1627858662469653,0.2683674392050333,0.028639245844865366,144.91769447590977,1.4491769447590976,100.0,1.0,1.0,0.0,0.04008170763988237,5.68401371770586,0.0
line_0140,Fe V,1350.6724,3254,0.004,True,BLEND_RESOLVED,1350.886534293,0.016198626417850397,0.05140512037304696,0.06488997678095945,0.009158308125306231,323.56964241459235,3.370517108485337,96.0,3.0,3.0,2443.0719250539787,0.03012741568532262,5.612949430146859,0.6666666666666666
line_0141,Fe V,1350.9483,2998,0.004,True,BLEND_MODELED,1351.0483269221115,0.03927332331141299,0.2666232320299476,0.22805166502679552,0.07210048745412548,120.1441763359976,1.2259609830203837,98.0,2.0,2.0,5508.990222765553,0.045748190442881045,3.697939382165603,0.3333333333333333
line_0143,Fe V,1351.7563,3437,0.004,True,BLEND_MODELED,1351.8259059333736,0.013644523071318677,0.6877275917904828,0.27905985932994337,0.11577545780915281,299.3506841928202,3.1182362936752104,96.0,3.0,3.0,320.6525693042154,0.23131981863513315,5.940184602199115,0.6666666666666666
line_0144,Fe V,1355.6223,2385,0.004,True,,1355.8548259169381,0.01149323191149979,0.29232500569222836,0.25541116257888424,0.017657047712721217,181.12619495454754,1.8112619495454754,100.0,1.0,1.0,0.0,0.04604121588603496,16.555712509154038,0.0
line_0145,Fe V,1356.2369,3434,0.004,True,BLEND_MODELED,1356.1864737765409,0.013764573109626213,0.8279920884043012,0.49999999999999994,0.11023810948114286,164.20285269804305,1.6755393132453371,98.0,2.0,2.0,797.331922581503,0.04456539735177159,7.510942380102555,0.3333333333333333
line_0147,Fe V,1357.676,2170,0.004,True,BLEND_RESOLVED,1357.7817711649145,0.0023922282732162575,0.1752748463692526,0.030036087145581123,0.01138526314272263,281.20009370610495,2.8693887112867853,98.0,2.0,2.0,72.89950789663379,0.13143218285429079,15.394887599175686,0.3333333333333333
line_0148,Fe V,1357.8549,3657,0.004,True,BLEND_RESOLVED,1357.9212233282292,0.004807065786179931,0.07570543995260803,0.0342470135529558,0.008198083344662722,170.0555822693035,1.7714123153052448,96.0,3.0,3.0,129.43031670673872,0.09244482014883171,9.234529190520524,0.6666666666666666
line_0149,Fe V,1358.384,2416,0.004,True,BLEND_RESOLVED,1358.3858025941208,0.014831229376815296,0.0683136013076328,0.1068434643393842,0.007128501271695151,151.17675830041046,1.5270379626304087,99.0,2.0,2.0,7.003989600016126,0.0304390185584517,9.583164637829668,0.3333333333333333
line_0150,Fe V,1358.5646,3201,0.004,True,,1358.6322246911373,0.02183833366869987,0.11038272116390137,0.22867684465926322,0.020245938805016343,164.58582979397377,1.6458582979397378,100.0,1.0,1.0,0.0,0.23664795984342551,5.452092008524287,0.0
line_0151,Fe V,1359.006,3043,0.004,True,BLEND_RESOLVED,1359.1130948344073,0.002054321100539078,0.17689278026620733,0.017804590181146603,0.017334497342843837,351.8902580300569,3.5907169186740497,98.0,2.0,2.0,52.65370847492909,0.3547998492482379,10.204667419400748,0.3333333333333333
line_0152,Fe V,1359.4034,3290,0.004,True,,1359.1177963638013,0.005522589848863807,0.16572015091082867,0.013917282110181298,0.027421046385843466,604.0171722983664,5.980368042558084,101.0,1.0,1.0,0.0,0.2249534301579208,6.043538549877668,0.0
line_0154,Fe V,1361.828,3100,0.007,True,BLEND_MODELED,1361.9497731328806,0.00881636472613893,0.7011095788490129,0.18651778424512258,0.021317983377814244,939.577588743078,9.686366894258535,97.0,3.0,3.0,48165.61572098689,0.23895318475302088,32.88817551000917,0.6666666666666666
line_0158,Fe V,1364.8201,2960,0.004,True,BLEND_RESOLVED,1364.9257838464991,0.002218371378012953,0.1306593677321284,0.02571500657547926,0.008500324480568207,348.6788416195838,3.6320712668706645,96.0,3.0,3.0,1263.138930961929,0.38721405801494607,15.371103542084366,0.6666666666666666
line_0159,Fe V,1365.1143,2613,0.004,True,BLEND_RESOLVED,1365.2260110068626,0.0032101273710382376,0.19557115983689838,0.03238964394439921,0.015125429119580378,922.1522654827141,9.605752765444938,96.0,3.0,3.0,2197.8885934019945,0.08463574314537929,12.929957774469019,0.6666666666666666
line_0161,Fe V,1370.3038,1606,0.004,True,,1370.5431364360736,0.014203053163946279,0.7470857520673514,0.49999999999999994,0.09441224945451757,304.58381551180526,3.0458381551180524,100.0,1.0,1.0,0.0,0.1943565766568874,7.913017181390797,0.0
line_0162,Fe V,1371.2188,2272,0.004,True,BLEND_MODELED,1371.4012999839042,0.010497084516883987,0.629792291740167,0.1846662164695966,0.11988283849898448,511.3792755405654,5.326867453547556,96.0,3.0,3.0,6940.3671160695985,0.11893672064658331,5.253398231353206,0.6666666666666666
line_0163,Fe V,1371.9858,2311,0.004,True,BLEND_MODELED,1372.0944619918778,0.004934547406971126,0.11478984664265839,0.05202020636997821,0.009988723198300664,320.99877232266505,3.3437372116944277,96.0,3.0,3.0,534.569867458036,0.12028360245206195,11.491943901517569,0.6666666666666666
line_0164,Fe V,1372.6536,2112,0.004,True,,1372.788293411269,0.008662390960897824,0.5467047404192401,0.49999999999996025,0.09999963515452284,135.68127877982613,1.3568127877982612,100.0,1.0,1.0,0.0,0.08280148544005118,5.467067350540363,0.0
line_0165,Fe V,1373.5868,2869,0.004,True,BLEND_MODELED,1373.726542372457,0.009891517174850921,0.44458789333580073,0.09223922994937168,0.03156231684720755,2593.15420402302,27.012022958573127,96.0,3.0,3.0,1778.8412358074024,0.24346592391026034,14.086034795482238,0.6666666666666666
line_0166,Fe V,1373.677,4068,0.007,True,BLEND_RESOLVED,1373.742543546242,0.005401529635290864,0.43345221476754753,0.11202810701142972,0.025715117693662293,3313.1000572626685,33.8071434414558,98.0,2.0,2.0,1218.151522748437,0.06906235593672765,16.855929649288576,0.3333333333333333
line_0168,Fe V,1374.118,2569,0.004,True,BLEND_RESOLVED,1374.2452517671973,0.007151412661374358,0.3683192282330715,0.08868056664122714,0.017967743244720735,1280.8248055152005,13.341925057450005,96.0,3.0,3.0,284.51239729186887,0.18521708099164788,20.498914260770658,0.6666666666666666
line_0169,Fe V,1375.7851,3100,0.004,True,,1375.8532310912478,0.00881146187081576,0.7876492709329611,0.49999999999994593,0.13095692896084843,1304.4720806572227,13.044720806572228,100.0,1.0,1.0,0.0,0.029685461168161908,6.014567363353801,0.0
line_0170,Fe V,1376.3367,2442,0.004,True,,1376.481695870791,0.008263391700571545,0.4540360727309181,0.18515235494222088,0.026877568509612138,2983.3847729645645,29.833847729645644,100.0,1.0,1.0,0.0,0.2853949533152687,16.89275101535106,0.0
line_0171,Fe V,1376.4511,3575,0.004,True,BLEND_MODELED,1376.4778291066368,0.013753995761251981,0.7871050589095526,0.21844284342383707,0.13697466288413077,2516.214202343997,26.21056460774997,96.0,3.0,3.0,1140.3362260826134,0.3560902520832249,5.746355145808086,0.6666666666666666
line_0174,Fe V,1380.114,3200,0.004,True,,1380.2190872906788,0.0011087035030919942,0.2320222348443583,0.018012891760704867,0.011978558061169011,222.98965281848777,2.2298965281848777,100.0,1.0,1.0,0.0,0.4594792163009122,19.369796736763057,0.0
line_0178,Fe V,1384.6837,3081,0.004,True,,1384.7781766799164,0.011722785302414029,0.5648091971427172,0.49999999999943434,0.10782982403976246,139.08075702739512,1.3908075702739513,100.0,1.0,1.0,0.0,0.021196768390547346,5.2379682724367855,0.0
line_0180,Fe V,1386.467,2105,0.004,True,BLEND_MODELED,1386.8379469058166,0.04925975363901362,0.7298169680529367,0.49999999999999856,0.15283012974762147,161.41576071830877,1.6470995991664161,98.0,2.0,2.0,504.4369562111365,0.10231934797402979,4.775347434816236,0.3333333333333333
line_0181,Fe V,1388.0401,3359,0.004,True,BLEND_MODELED,1388.0354922930294,0.003419324681596872,0.4096654165738188,0.06349731063738806,0.016724089032675093,1342.4472310693466,13.983825323639026,96.0,3.0,3.0,2567.805420920564,0.14986379073809097,24.49552951873343,0.6666666666666666
line_0182,Fe V,1388.1938,3543,0.004,True,BLEND_MODELED,1388.0465551266643,0.002332184425498725,0.4516634939014371,0.03387989935362567,0.015922030349093216,850.2535691630992,8.856808012115616,96.0,3.0,3.0,1491.5213827393045,0.05004365505994552,28.367204684241795,0.6666666666666666
line_0183,Fe V,1388.3235,3033,0.004,True,BLEND_RESOLVED,1388.1316037659526,0.005615416613913616,0.1200045974063486,0.029949639231809554,0.01722057614856505,545.3249379213185,5.564540182870596,98.0,2.0,2.0,216.0167881407674,0.016812325862866045,6.968674936950253,0.3333333333333333
line_0184,Fe V,1389.0048,2922,0.004,True,,1389.1347637266738,0.01242545256752555,0.30184732771244843,0.2546869912768219,0.0341533373914141,498.224753453582,4.98224753453582,100.0,1.0,1.0,0.0,0.3877255743583335,8.838003860446465,0.0
line_0185,Fe V,1390.7138,2769,0.004,True,BLEND_RESOLVED,1390.7657334049181,0.011364417996204367,0.22705831740393626,0.11321937572457695,0.03807683669306873,162.71064035428984,1.6949025036905192,96.0,3.0,3.0,39.460141204050814,0.0574824536824834,5.963161258226804,0.6666666666666666
line_0186,Ni V,1390.917,3877,0.006,True,BLEND_MODELED,1391.0074773778802,0.014463123359642841,0.1253354723941818,0.1000579024983492,0.01786669316099266,152.2825476738527,1.5699231718953885,97.0,3.0,3.0,33.63559634408074,0.10908608707963634,7.0150346941548,0.6666666666666666
line_0187,Fe V,1390.969,2657,0.004,True,BLEND_RESOLVED,1391.0132901707498,0.006151389591654847,0.09159341169002337,0.06930208157278232,0.006269778990838065,91.37342949478617,0.9518065572373559,96.0,3.0,3.0,383.53434644781476,0.07487983976064654,14.608714569344064,0.6666666666666666
line_0189,Fe V,1392.94,3334,0.004,True,BLEND_RESOLVED,1393.0365805843712,0.0067614411277059795,0.0677386549839032,0.04145062388643189,0.00793602781104671,221.26978186354137,2.281131771789086,97.0,3.0,3.0,141.56509628825643,0.00917489438758489,8.53558689519876,0.6666666666666666
line_0190,Fe V,1393.0706,2824,0.004,True,,1393.181285731075,0.009247255497393596,0.11320289604253551,0.1359712388842965,0.006750978518118083,324.6752365171179,3.2467523651711794,100.0,1.0,1.0,0.0,0.007667778480618758,16.768368576307097,0.0
line_0191,Fe V,1394.2712,2697,0.004,True,BLEND_RESOLVED,1394.3835401575436,0.002028680316257529,0.16792383099999186,0.017592536859960314,0.015729770267896084,421.65150280611107,4.302566355164399,98.0,2.0,2.0,715.8507157736162,0.1966531422049422,10.675542499353508,0.3333333333333333
line_0192,Fe V,1394.6013,2555,0.004,True,BLEND_RESOLVED,1394.7800433561858,0.0012705516442350388,0.17119210790654815,0.01950047193290112,0.008633605221586686,150.6763294969417,1.5695450989264759,96.0,3.0,3.0,703.0299967235837,0.023302701950156116,19.82857722965082,0.6666666666666666
line_0194,Fe V,1395.4411,3104,0.004,True,,1395.5763440596002,0.005169371564405539,0.03286346568565634,0.025400397316047187,0.005903337315990916,89.14776230979024,0.8914776230979023,100.0,1.0,1.0,0.0,0.16602331422118255,5.566930013745958,0.0
line_0195,Fe V,1397.7545,2347,0.004,True,BLEND_RESOLVED,1398.0983604661378,0.012998766166115724,0.05135515096034807,0.06006952589535128,0.010542701386788677,332.1496248598629,3.459891925623572,96.0,3.0,3.0,151.15352020984045,0.06937573960109511,4.871156744010837,0.6666666666666666
line_0196,Fe V,1397.973,2215,0.004,True,BLEND_RESOLVED,1398.0815964450496,0.002340669752169367,0.10338559582279781,0.018159895102793432,0.009881113479420346,179.06150988232392,1.8652240612742075,96.0,3.0,3.0,1575.7754612791027,0.1543796921957642,10.462949953780178,0.6666666666666666
line_0197,Fe V,1398.1624,2172,0.004,True,BLEND_RESOLVED,1398.309014904542,0.0008845885712938518,0.2626360358905073,0.019427506404274215,0.009682824081452324,180.03910587310781,1.8371337333990594,98.0,2.0,2.0,1690.286004967437,0.25911633229136555,27.12390865321955,0.3333333333333333
line_0198,Fe V,1401.5384,2618,0.004,True,,1401.800633230322,0.01880560485770939,0.666014919578176,0.49999999999961187,0.10074769761134679,141.8891471791518,1.418891471791518,100.0,1.0,1.0,0.0,0.29244157002115234,6.610720992825603,0.0
line_0199,Fe V,1404.0438,2128,0.004,True,BLEND_MODELED,1404.2001666147187,0.004629252350471462,0.2523872091047722,0.1046062818494549,0.008543320938206889,123.68174353259698,1.2883514951312185,96.0,3.0,3.0,103.70940611794737,0.062197423089042365,29.542049389255926,0.6666666666666666
line_0201,Fe V,1406.671,2222,0.004,True,BLEND_RESOLVED,1406.7778243732312,0.003415734490301131,0.38144366848915917,0.045739078167385,0.0214712836847983,2310.5968449340266,23.820586030247696,97.0,3.0,3.0,155.81548268523784,0.010476854882994999,17.76529405920997,0.6666666666666666
line_0202,Fe V,1406.822,2157,0.004,True,BLEND_RESOLVED,1406.9422515932927,0.0024238297045589643,0.30928044038301733,0.03779861644476308,0.015008717399072129,936.89117395947,9.560114019994593,98.0,2.0,2.0,3556.7492392561353,0.3861017297952702,20.606720225283055,0.3333333333333333
line_0203,Fe V,1407.0098,3312,0.004,True,BLEND_MODELED,1406.9402287317396,0.003873999760603873,0.2603541790773837,0.018793379634315516,0.04481050563489184,2939.887557594564,30.623828724943376,96.0,3.0,3.0,1132.3460684765541,0.27494236145669726,5.8101147351182325,0.6666666666666666
line_0204,Fe V,1407.247,2471,0.004,True,BLEND_RESOLVED,1407.3586653659286,0.0008176380921166512,0.33825206365100663,0.023398085167569572,0.00966827701695079,199.2567741834417,2.0755913977441844,96.0,3.0,3.0,3171.779537786062,0.24828338982257647,34.98576458431738,0.6666666666666666
line_0205,Fe V,1407.564,2209,0.004,True,BLEND_MODELED,1407.7270765071637,0.0058180638431005426,0.03533789291327571,0.014207867663718676,0.01064886808584066,161.6693354614607,1.6840555777235489,96.0,3.0,3.0,11.469751496315013,0.001183431611984443,3.318464707085909,0.6666666666666666
line_0206,Fe V,1408.119,1343,0.004,True,,1408.2332423211383,0.001141686186366757,0.1878554693655625,0.021067208737145415,0.00858911660810261,134.5960445071471,1.345960445071471,100.0,1.0,1.0,0.0,0.045745250251967066,21.87133764004875,0.0
line_0207,Fe V,1408.7993,2823,0.004,True,BLEND_RESOLVED,1408.9047233364718,0.00458364681927489,0.06265133542343486,0.019371224041736163,0.010889628208573933,226.4538332338247,2.334575600348708,97.0,3.0,3.0,1432.0609401900651,0.09861153761280274,5.75330343914831,0.6666666666666666
line_0208,Fe V,1409.0254,1409,0.004,True,BLEND_RESOLVED,1409.1413370782998,0.0036693128470138875,0.27123607811621164,0.018314698485816103,0.04425294573615317,3039.3531497455774,31.659928643183097,96.0,3.0,3.0,1468.2432393736922,0.12131960210254512,6.129220859858395,0.6666666666666666
line_0210,Fe V,1409.451,1628,0.004,True,BLEND_MODELED,1409.5664239583457,0.0012643558475921152,0.4122377464854516,0.029966022458833504,0.01402969551864686,823.0484212748896,8.573421054946767,96.0,3.0,3.0,8360.530377015964,0.03389700581857326,29.383228305813667,0.6666666666666666
line_0213,Fe V,1411.0703,3620,0.004,True,,1411.0449157494895,0.018408403414756993,0.1883329507345719,0.18725798402069904,0.02045553993100511,533.7409318991444,5.284563682169746,101.0,1.0,1.0,0.0,0.04662364997613706,9.206941071700076,0.0
line_0214,Fe V,1411.5675,1609,0.004,True,,1411.2864000000002,0.019649002834638423,0.5586991154898803,0.22565078936441124,0.02300497841768347,1196.5451624100344,11.965451624100345,100.0,1.0,1.0,0.0,1.3334048091733774,24.286009112724024,0.0
line_0215,Fe V,1414.832,1764,0.004,True,BLEND_RESOLVED,1414.9103955151472,0.006866982403297805,0.09409730562321239,0.061087089827324026,0.008886977479802723,501.70251140500113,5.172190839226816,97.0,3.0,3.0,1945.6855172534802,0.007745645116849869,10.588223705648595,0.6666666666666666
line_0217,Fe V,1416.829,2137,0.004,True,BLEND_RESOLVED,1416.8632323362303,0.016400925136367876,0.18590816297349916,0.10843151781820914,0.028601772678729546,150.29566743498657,1.5655798691144434,96.0,3.0,3.0,58.35086961904378,0.03863507342520321,6.499882544404481,0.6666666666666666
line_0218,Fe V,1417.003,2427,0.004,True,BLEND_MODELED,1417.0999200089188,0.006695318081526555,0.4010392706048844,0.14148409118271277,0.022255591377847102,105.24846469077433,1.0963381738622326,96.0,3.0,3.0,168.45446117772886,0.1388959790650164,18.01970856654356,0.6666666666666666
line_0219,Fe V,1418.1223,2433,0.004,True,,1417.971757514244,0.013675614829788725,0.8791881898373247,0.49999999999999994,0.1599032669812184,4357.1317278344095,43.5713172783441,100.0,1.0,1.0,0.0,0.28687093481442927,5.498250326183709,0.0
line_0221,Fe V,1420.6049,2368,0.004,True,BLEND_RESOLVED,1420.7147887913343,0.002148428093342756,0.19210329588158293,0.015952396160585414,0.020807407563503823,491.8843193123309,5.12379499283678,96.0,3.0,3.0,622.3022865730262,0.15417371587796275,9.232447401017508,0.6666666666666666
line_0222,Fe V,1420.7486,2799,0.004,True,BLEND_RESOLVED,1420.7142262967855,0.001974523655421349,0.21304852579361958,0.028703161230667,0.012149771962391972,305.9461063210889,3.1869386075113426,96.0,3.0,3.0,860.8079248511103,0.09406936995218376,17.535187199651432,0.6666666666666666
line_0225,Fe V,1422.4802,2679,0.004,True,,1422.6991890051588,0.030605880869280525,0.6033848344462293,0.49999999999968986,0.1905308113646814,336.58745412772663,3.3658745412772664,100.0,1.0,1.0,0.0,0.03959037018755546,3.1668622524854184,0.0
line_0226,Fe V,1425.0834,1372,0.004,True,BLEND_MODELED,1425.162282473169,0.010707978800791386,0.5639908682583296,0.3252060056423956,0.07355106176889499,139.00173468148932,1.4183850477702993,98.0,2.0,2.0,119.31028010477195,0.11109975568305133,7.6680180366457105,0.3333333333333333
line_0227,Fe V,1426.4346,713,0.004,True,BLEND_RESOLVED,1426.7678906031608,0.007570699312188204,0.1597946439398686,0.11453883929104657,0.01089931055455822,317.58098319703174,3.240622277520732,98.0,2.0,2.0,576.4136704964335,0.02439219480210344,14.660986411937829,0.3333333333333333
line_0228,Fe V,1427.8145,2617,0.004,True,,1427.8225931905104,0.017047369326309677,0.727112568511016,0.49999999999999994,0.10021908705261237,384.0317683562947,3.8403176835629473,100.0,1.0,1.0,0.0,0.13616300584851002,7.255230414634501,0.0
line_0229,Fe V,1429.0058,1956,0.004,True,BLEND_RESOLVED,1429.1011170135923,0.00484836144321475,0.3475862737711866,0.10783187051597605,0.016199235441947284,316.967352983855,3.2677046699366494,97.0,3.0,3.0,216.7259994524739,0.21488490983009578,21.456955485141332,0.6666666666666666
line_0230,Fe V,1429.33,2362,0.004,True,BLEND_RESOLVED,1429.3663302234374,0.008783234277880542,0.16185736672400433,0.07355631779653891,0.02154956371978311,985.8791602998559,10.269574586456832,96.0,3.0,3.0,5003.535643451465,0.0046574460388271646,7.510934737644582,0.6666666666666666
line_0231,Fe V,1429.4691,1730,0.004,True,BLEND_RESOLVED,1429.598274268107,0.021599022178183193,0.3715748300920498,0.17303141960325275,0.16869784984926536,1638.7623008316352,16.553154553854903,99.0,2.0,2.0,91.98676028428781,0.20454691695108898,2.202605607742237,0.3333333333333333
line_0232,Fe V,1430.313,2449,0.004,True,BLEND_RESOLVED,1430.4559576107824,0.00753267156056826,0.28704961048507754,0.07866776337387608,0.021265768810955744,1981.274654959196,20.425511906795833,97.0,3.0,3.0,2853.4607140854614,0.10811448464214182,13.498200466526031,0.6666666666666666
line_0234,Fe V,1430.7552,2037,0.004,True,BLEND_RESOLVED,1430.8755911618491,0.006727136998830249,0.17718670111417936,0.03138301856519258,0.025338304229290957,1806.7797124230271,18.820622004406534,96.0,3.0,3.0,7455.439216562376,0.12652534160738266,6.992839754025543,0.6666666666666666
line_0237,Fe V,1440.529,2780,0.004,True,BLEND_RESOLVED,1440.6409627122046,0.0010685206700128387,0.37136512499073787,0.023995114103291994,0.013089408292626756,453.6395070384754,4.725411531650786,96.0,3.0,3.0,561.157803063244,0.51146836489476,28.37142189230412,0.6666666666666666
line_0238,Fe V,1440.7939,2674,0.004,True,BLEND_RESOLVED,1440.7597199802806,0.00794210102168921,0.206950361626973,0.04652759470616492,0.02639002278134012,2338.7207203547036,24.361674170361496,96.0,3.0,3.0,1352.7816345522174,0.05453474760787626,7.84199253413694,0.6666666666666666
line_0240,Fe V,1443.1662,2368,0.004,True,,1443.516233756305,0.01740254319239578,0.8513894243687871,0.49999999999999895,0.19185478557625046,1107.41310542815,11.0741310542815,100.0,1.0,1.0,0.0,0.25532284798025295,4.437676244622067,0.0
line_0241,Fe V,1446.286,1297,0.004,True,BLEND_MODELED,1446.4311353129767,0.007160096091184128,0.6461978582669274,0.21913586367052218,0.030421250488408876,1210.5340226339013,12.227616390241426,99.0,2.0,2.0,1912.130491825336,0.026650987463334636,21.24165995454862,0.3333333333333333
line_0242,Fe V,1447.7045,3201,0.004,True,,1447.9986067229086,0.01577183869027129,0.7445069599046293,0.49999999999994305,0.10991949942462959,191.73509431588684,1.9173509431588684,100.0,1.0,1.0,0.0,0.23380125817373346,6.773201877753531,0.0
line_0243,Fe V,1448.8487,2406,0.004,True,BLEND_RESOLVED,1448.9646148444713,0.002689012590180307,0.2854117244691738,0.04029119300681437,0.01401237475263114,1740.0498345694366,17.938658088344706,97.0,3.0,3.0,8071.268634132134,0.15905878549952757,20.368547766364962,0.6666666666666666
line_0244,Fe V,1449.929,2535,0.004,True,BLEND_MODELED,1449.992289434631,0.007974494001849117,0.6814925154937618,0.2829956287101792,0.03742262892460724,749.3801045997595,7.646735761222036,98.0,2.0,2.0,984.4451943988819,0.3332360559812409,18.210706598585503,0.3333333333333333
line_0245,Fe V,1451.102,2103,0.004,True,BLEND_RESOLVED,1451.0128686067608,0.0037812824736916085,0.5683868646713074,0.15848128536143816,0.06556256953871963,1242.300714699383,12.676537905095744,98.0,2.0,2.0,15600.117412260379,0.19957064101112904,8.66938054243942,0.3333333333333333
line_0247,Fe V,1453.616,1667,0.004,True,,1453.6845581545713,0.012522818314128721,0.7592187939250788,0.4999999999999949,0.16162010187935233,2088.400364344602,20.88400364344602,100.0,1.0,1.0,0.0,0.31622938105294085,4.697551759321545,0.0
line_0248,Fe V,1454.241,1880,0.004,True,,1454.3521929098363,0.023548891096366067,0.37661760910494,0.4999999999970845,0.15524402476542845,165.0713117002149,1.650713117002149,100.0,1.0,1.0,0.0,0.036258788226565544,2.425971689886319,0.0
line_0249,Fe V,1454.47,2372,0.004,True,BLEND_RESOLVED,1454.5818016103512,0.007426498459341158,0.19147960410654752,0.08824968371073152,0.013915426346331927,544.9764216536965,5.676837725559339,96.0,3.0,3.0,541.1417841226688,0.03938089431484999,13.760239847557463,0.6666666666666666
line_0250,Fe V,1454.702,2016,0.004,True,BLEND_RESOLVED,1454.8144293372925,0.00493809208717775,0.20337456379157692,0.08107025647069024,0.009100292264311229,617.6836700991811,6.302894592848786,98.0,2.0,2.0,241.8854252730672,0.04014540635235118,22.348135409799355,0.3333333333333333
line_0251,Fe V,1455.557,2598,0.004,True,BLEND_RESOLVED,1455.671565697036,0.005828749299313084,0.5131950453079807,0.11351873562844292,0.02501263105829844,1041.1531372764957,10.845345179963497,96.0,3.0,3.0,687.0350761662608,0.040353134378066126,20.51743553534397,0.6666666666666666
line_0253,Fe V,1456.1622,2067,0.004,True,BLEND_RESOLVED,1456.2758361269823,0.001871052856307163,0.3419370826479429,0.03501675016017573,0.013748221505078073,802.80278720729,8.36252903340927,96.0,3.0,3.0,1185.811355108679,0.28078235552411723,24.87136845457751,0.6666666666666666
line_0254,Fe V,1456.289,1894,0.004,True,BLEND_MODELED,1456.3980422348363,0.00337378864129459,0.16561172052210157,0.02377051757550474,0.016903459971887764,648.8322469876196,6.75866923945437,96.0,3.0,3.0,759.5930215372373,0.37864564467042133,9.797504226799207,0.6666666666666666
line_0255,Fe V,1459.256,2088,0.004,True,,1458.9764000000002,0.009970078415214134,0.4573997904664329,0.12071411139418117,0.01297463466098067,898.7280616184922,8.987280616184922,100.0,1.0,1.0,0.0,1.675576312568817,35.253384963662704,0.0
line_0256,Fe V,1459.833,2416,0.004,True,BLEND_RESOLVED,1459.942806590977,0.001918618553270751,0.420746565595774,0.06918117889059457,0.007745501342777547,512.6661431572381,5.340272324554564,96.0,3.0,3.0,1558.2433984834631,0.07104166415205097,54.32141148463009,0.6666666666666666
line_0257,Fe V,1460.7298,1771,0.004,True,BLEND_RESOLVED,1460.8456258425185,0.003947559116227396,0.28686150454944376,0.07023481757529258,0.010623118461774814,553.9884767376193,5.770713299350201,96.0,3.0,3.0,277.26056817636027,0.050905129014277364,27.003511782501345,0.6666666666666666
line_0258,Fe V,1461.054,2033,0.004,True,BLEND_MODELED,1461.1219101393044,0.01052088033748082,0.8867476086630813,0.49999541937770703,0.15564707760349275,413.6094214444839,4.308431473380041,96.0,3.0,3.0,5418.93062607323,0.08416844705913262,5.697168378079349,0.6666666666666666
line_0259,Fe V,1462.5641,2067,0.004,True,BLEND_MODELED,1462.7409741566707,0.00921841029836417,0.5631109152878839,0.14336707403224883,0.06377216167509295,910.5019189483347,9.386617721116853,97.0,3.0,3.0,845.0440446717008,0.12694928417889456,8.8300427725318,0.6666666666666666
line_0261,Fe V,1463.065,1941,0.004,True,,1463.2272901003403,0.010681945917314311,0.6423827724889687,0.4999999999999221,0.13324267144944016,293.0950254754821,2.930950254754821,100.0,1.0,1.0,0.0,0.022543625213379267,4.821149002050182,0.0
line_0263,Fe V,1464.685,2232,0.004,True,BLEND_RESOLVED,1464.8013027785403,0.0009882631983213282,0.382183779415319,0.030680375126996527,0.009220153528439011,505.1237778245631,5.207461627057351,97.0,3.0,3.0,1719.0354316345652,0.00595398440687697,41.450912746354604,0.6666666666666666
line_0264,Fe V,1464.873,1886,0.004,True,BLEND_RESOLVED,1465.0046830999884,0.00504088415771794,0.20762821554219688,0.031534441797906244,0.022812079872167875,2411.321433782384,25.11793160189983,96.0,3.0,3.0,2496.5530244088905,0.4232492421793898,9.101678439917963,0.6666666666666666
line_0265,Fe V,1466.6498,2212,0.004,True,,1466.7687898751512,0.0025990029272154962,0.2624985928032764,0.029185225354955574,0.019371758093506306,1355.3588960310158,13.553588960310158,100.0,1.0,1.0,0.0,0.41010463715491213,13.550581807609385,0.0
line_0266,Fe V,1468.908,1420,0.004,True,BLEND_RESOLVED,1469.0236367032655,0.0012134390501266233,0.19694664949974586,0.02572940193871708,0.006833111323025391,266.3768871670256,2.774759241323183,96.0,3.0,3.0,1411.134996044536,0.03300076555188886,28.822397322300148,0.6666666666666666
line_0267,Fe V,1469.0,2431,0.004,True,BLEND_RESOLVED,1469.1202350265385,0.0012438535770099052,0.29340187086741865,0.02536901129387576,0.011562918790509606,720.41191298745,7.351141969259694,98.0,2.0,2.0,1166.495991022803,0.4871031103426637,25.374377887028963,0.3333333333333333
line_0268,Fe V,1469.5986,3313,0.004,True,,1469.7941640710505,0.01543471713760255,0.5540465520804689,0.4999999999999482,0.10851388097082534,147.82296838243582,1.4782296838243583,100.0,1.0,1.0,0.0,0.15782245185303606,5.105766627491905,0.0
line_0269,Fe V,1471.2059,1774,0.004,True,,1471.3975093992888,0.033354579706239534,0.3903300135698848,0.49999999999995015,0.1295047215131048,133.20875707509978,1.318898584901978,101.0,1.0,1.0,0.0,0.13229237851529088,3.0140214890187353,0.0
line_0270,Fe V,1471.334,1754,0.004,True,,1471.4178605683494,0.014931298177377974,0.22795506920240213,0.32224994748332575,0.04908608815568806,129.65500247377204,1.2837128957799213,101.0,1.0,1.0,0.0,0.13952354999901329,4.643985246479391,0.0
line_0271,Fe V,1472.098,2264,0.004,True,,1472.2171222335517,0.0011823944982562121,0.26340128193924167,0.024285302675706298,0.01063452211890364,327.5006547347969,3.275006547347969,100.0,1.0,1.0,0.0,0.05454612289470235,24.76851136272749,0.0
line_0272,Fe V,1472.5116,2576,0.004,True,BLEND_RESOLVED,1472.6305788348454,0.0019407507332677544,0.2555562205731147,0.030192106687032757,0.012886625142709711,640.1468588470422,6.59945215306229,97.0,3.0,3.0,714.22374442016,0.1682258565550765,19.831120851504657,0.6666666666666666
line_0274,Fe V,1474.2722,3111,0.004,True,,1474.6069812420005,0.017681606646505543,0.773916247517955,0.4999999999999897,0.1497389049769769,280.56462090640395,2.8056462090640393,100.0,1.0,1.0,0.0,0.22744631940421098,5.168438006388175,0.0
line_0275,Fe V,1475.305,1007,0.004,True,BLEND_MODELED,1475.4906165693712,0.010820507015489434,0.34192847570619506,0.18607877248714427,0.02113011783402641,260.2748944585197,2.655866269984895,98.0,2.0,2.0,3995.8123954539124,0.04119574020616719,16.18204301518746,0.3333333333333333
line_0276,Fe V,1475.6059,1800,0.004,True,,1475.8230941949953,0.018272207045984853,0.38472305655301703,0.2965409043326251,0.05313192630079577,441.25757472101395,4.36888687842588,101.0,1.0,1.0,0.0,0.10872011879748224,7.2409017202761365,0.0
line_0281,Fe V,1479.39,1410,0.004,True,BLEND_RESOLVED,1479.588450806041,0.0047645083203626745,0.2976113049594103,0.10336782446314366,0.011945274871616661,1415.164111633639,14.294586986198375,99.0,2.0,2.0,853.8429372725393,0.022754970525115173,24.914563135467798,0.3333333333333333
line_0282,Fe V,1483.2574,1555,0.004,True,BLEND_RESOLVED,1483.3787100322777,0.0027296001999613548,0.11464144207081697,0.019560826181996283,0.013246343033091206,316.0824907717895,3.1927524320382776,99.0,2.0,2.0,33.437890417621134,0.3717998483854393,8.65457294775069,0.3333333333333333
line_0284,Fe V,1484.375,1535,0.004,True,BLEND_MODELED,1484.2826676159452,0.03277855552901305,0.4649662159144994,0.3122248878841985,0.0878017064257839,119.22993289578277,1.2043427565230582,99.0,2.0,2.0,178.25465182218727,0.14427907272578055,5.295639855331526,0.3333333333333333
line_0287,Fe V,1494.6412,1006,0.004,True,,1494.3620000000003,0.016876748333105093,0.3867168283958143,0.267341277077497,0.030802681682207192,185.3316802045159,1.834967130737781,101.0,1.0,1.0,0.0,1.3196301098715284,12.554648078553392,0.0
line_0290,Fe V,1499.2326,1684,0.004,True,BLEND_MODELED,1499.2670851034377,0.005779525181219147,0.883297173341131,0.49999999516435967,0.15920253750286942,246.99198105763315,2.546309083068383,97.0,3.0,3.0,12495.245120046693,0.18644724469188217,5.548260644559203,0.6666666666666666
line_0291,Fe V,1500.5822,2706,0.004,True,,1501.0330771662786,0.006363202335259895,0.8329653006557912,0.49999999999999994,0.03694093356307368,866.4835723334901,8.664835723334901,100.0,1.0,1.0,0.0,0.9937218332941258,22.548572012495836,0.0
line_0299,Fe V,1516.7993,2965,0.004,True,BLEND_RESOLVED,1516.812443015378,0.009488501035116217,0.1570071493240777,0.13789229260133784,0.013103006997651519,354.65051209782405,3.618882776508409,98.0,2.0,2.0,93.31357489599492,0.3506805726107983,11.982528083226883,0.3333333333333333
line_0300,Fe V,1519.5178,2044,0.004,True,BLEND_MODELED,1519.5475054864994,0.006847840803562927,0.781961075109347,0.4999913952119553,0.14350632313573763,133.03505549591452,1.357500566284842,98.0,2.0,2.0,604.8776457331542,0.05725140617709891,5.4489659969179005,0.3333333333333333
line_0301,Fe V,1525.1631,2379,0.004,True,BLEND_MODELED,1525.2313333213701,0.01028118294539158,0.8421335018918232,0.49999999999999994,0.03672750072589687,696.7395059850993,7.10958679576632,98.0,2.0,2.0,2292.8390755205082,0.09006494440906561,22.92923518474068,0.3333333333333333
line_0302,Fe V,1530.4401,2013,0.004,True,BLEND_RESOLVED,1530.5614684218979,0.004637196460014277,0.11211804678522902,0.05301610233843667,0.007558198708411756,311.9505996187131,3.1831693838644197,98.0,2.0,2.0,667.9330218824473,0.010476032894748116,14.833963899420816,0.3333333333333333
line_0306,Fe V,1554.218,1456,0.004,True,,1554.4790481528842,0.015033839991727608,0.5752902852573132,0.2624009752249149,0.0610153492120564,1496.5444950237838,14.965444950237838,100.0,1.0,1.0,0.0,0.060954955347875955,9.428615794001521,0.0
line_0307,Fe V,1555.4456,2074,0.004,True,,1555.4217547051996,0.020517957710754636,0.6836367769044391,0.49999999999999994,0.11722956209749628,194.36393902670952,1.9436393902670952,100.0,1.0,1.0,0.0,0.29725548587378425,5.831607358013323,0.0
line_0312,Fe V,1569.981,2684,0.004,True,BLEND_MODELED,1569.9731206405386,0.017522956656994892,0.49725353462404204,0.27270037762829874,0.06660349263082886,236.82834161787818,2.416615730794675,98.0,2.0,2.0,276.6516773969504,0.04628689613040798,7.465877763801797,0.3333333333333333
line_0313,Fe V,1571.91,2522,0.004,True,,1572.2255108577424,0.02919850911228194,0.6712841976277903,0.4999999999998712,0.18443693683334997,138.56381496363855,1.3856381496363854,100.0,1.0,1.0,0.0,0.29978134480563023,3.639640785372274,0.0
line_0315,Fe V,1582.7979,2521,0.004,True,,1582.7630673828542,0.01579122169150841,0.7857227261116458,0.49999999999999345,0.10667022079986872,299.7221716057911,2.9972217160579113,100.0,1.0,1.0,0.0,0.2396025569263712,7.365905125346969,0.0
line_0317,Fe V,1584.5342,1997,0.004,True,,1584.737884875515,0.01408059378709209,0.7644297470340314,0.49999999999999994,0.12756707453020313,637.6875029532897,6.313737653002868,101.0,1.0,1.0,0.0,0.06528234962771731,5.992374990562654,0.0
line_0319,Fe V,1588.197,1740,0.004,True,,1588.1376734178716,0.018234311331423964,0.4071905462364691,0.33431117651846637,0.028160832035356208,91.36800856723978,0.9046337481904929,101.0,1.0,1.0,0.0,0.001998450318131715,14.459464327092228,0.0
line_0321,Fe V,1589.011,1717,0.004,True,,1588.7388000000003,0.011780183648119136,0.19000144421648923,0.07123028834459777,0.010224284672696355,85.41874682347277,0.8457301665690373,101.0,1.0,1.0,0.0,1.7037851516970115,18.583348400292724,0.0
line_0326,Fe V,1598.824,1157,0.004,True,,1598.7999720145447,0.012763944805753848,0.8664802386384998,0.49999999999999994,0.08255690972463908,665.4658348742921,6.654658348742921,100.0,1.0,1.0,0.0,0.14662011317048473,10.495550784647394,0.0
line_0329,Fe V,1607.833,873,0.004,True,,1607.9489199292032,0.01102597470048626,0.683677119655183,0.49999999999999994,0.09555863344466838,184.4304859895102,1.844304859895102,100.0,1.0,1.0,0.0,0.08008571889286338,7.154530103771887,0.0
line_0330,Fe V,1614.1888,2588,0.004,True,BLEND_MODELED,1614.3460131106824,0.0108939970729772,0.38350647483539174,0.20336678449025639,0.03906116662670204,167.31818219925606,1.7073283897883271,98.0,2.0,2.0,24.196700606816023,0.03359006253904756,9.818100890341263,0.3333333333333333
line_0332,Fe V,1618.058,1624,0.004,True,BLEND_MODELED,1618.1786019048911,0.014405926384918683,0.584441632508127,0.14242094699744354,0.22920692717488242,627.5244543493012,6.536713066138554,96.0,3.0,3.0,5883.38785163237,0.1432862116660836,2.549842797998004,0.6666666666666666
line_0333,Fe V,1618.379,3209,0.004,True,BLEND_MODELED,1618.3598405016892,0.013164201129689404,0.8133436471484663,0.49999999999999994,0.07979420094617777,118.9197426643609,1.2134667618812336,98.0,2.0,2.0,625.8425271083686,0.0051353078280961155,10.193017005046233,0.3333333333333333
line_0335,Fe V,1624.255,2023,0.004,True,,1624.5291092346056,0.04990245340468874,0.3268114577523087,0.3358634772589224,0.13487461583830854,126.9045889700486,1.269045889700486,100.0,1.0,1.0,0.0,0.012828124841949605,2.4230760971664185,0.0
line_0338,Fe V,1643.4256,1635,0.004,True,,1643.3837772635527,0.013459788307216664,0.8778565969527226,0.4999999999999998,0.09105112774101516,480.37322186067723,4.803732218606772,100.0,1.0,1.0,0.0,0.17798923888729098,9.641358857736373,0.0
line_0339,Fe V,1645.743,1515,0.004,True,,1645.8780188979601,0.01265544940984088,0.7745366546872894,0.49999999999999994,0.11180797934407077,467.71145169917287,4.677114516991729,100.0,1.0,1.0,0.0,0.02368645281161738,6.927382636115617,0.0
line_0340,Fe V,1648.74,2580,0.004,True,,1648.6443148956562,0.017198966193012557,0.859099920429029,0.4999999999999999,0.18990779852417797,269.8310726351651,2.6983107263516515,100.0,1.0,1.0,0.0,0.19157051248266227,4.52377378446443,0.0
line_0341,Fe V,1651.9301,1129,0.004,True,,1652.0370475147408,0.021991642778582385,0.430479478756076,0.41448061480395576,0.138656531439096,140.888853772557,1.4088885377255702,100.0,1.0,1.0,0.0,0.05504210981158919,3.1046462383574145,0.0
line_0344,Fe V,1659.894,1870,0.004,True,,1660.0995126414518,0.02438871160660331,0.6193315336056782,0.4999999999999875,0.1553172959909355,193.35123523693846,1.9335123523693847,100.0,1.0,1.0,0.0,0.10790673334718226,3.9875245680418177,0.0
line_0346,Fe V,1661.049,1881,0.004,True,,1661.2119985342204,0.010697510545967587,0.7486498105393579,0.4999999999999902,0.15796778232140468,276.99879574143193,2.7699879574143194,100.0,1.0,1.0,0.0,0.1262544845090135,4.739256318836829,0.0
line_0348,Fe V,1668.925,2360,0.004,True,,1669.3105254747356,0.007093303769927643,0.908974418375237,0.49999999999999994,0.08073534531649447,636.7669907432573,6.367669907432574,100.0,1.0,1.0,0.0,0.2565197279154638,11.25869239565302,0.0
